title;entity;type;issue;issue.freq;sentence;year
Cronaca Sovversiva;adorava;PER;2012271201_1904-01-02_ed-1_seq-1_ocr.txt;1;293;1904-01-02
Cronaca Sovversiva;anarchia zltinc r sciali lxfniic;ORG;2012271201_1903-06-06_ed-1_seq-1_ocr.txt;1;92;1903-06-06
Cronaca Sovversiva;armentieres galatina;ORG;2012271201_1904-01-02_ed-1_seq-1_ocr.txt;1;179;1904-01-02
Cronaca Sovversiva;associare;ORG;2012271201_1903-06-06_ed-1_seq-1_ocr.txt;1;125;1903-06-06
Cronaca Sovversiva;barcellona bilbao;ORG;2012271201_1904-01-02_ed-1_seq-1_ocr.txt;1;163;1904-01-02
Cronaca Sovversiva;barn vt;ORG;2012271201_1904-01-02_ed-1_seq-1_ocr.txt;1;151;1904-01-02
Cronaca Sovversiva;berrà;ORG;2012271201_1904-01-02_ed-1_seq-1_ocr.txt;1;179;1904-01-02
Cronaca Sovversiva;box barre;ORG;2012271201_1904-01-02_ed-1_seq-1_ocr.txt;1;145;1904-01-02
Cronaca Sovversiva;box barre cor barre;ORG;2012271201_1903-06-06_ed-1_seq-1_ocr.txt;1;2;1903-06-06
Cronaca Sovversiva;circolo studi sociali barre;ORG;2012271201_1903-06-06_ed-1_seq-1_ocr.txt;1;94;1903-06-06
Cronaca Sovversiva;colorado;GPE;2012271201_1904-01-02_ed-1_seq-1_ocr.txt;1;190;1904-01-02
Cronaca Sovversiva;compito eminentemente rivoluzio;ORG;2012271201_1903-06-06_ed-1_seq-1_ocr.txt;1;128;1903-06-06
Cronaca Sovversiva;conselice;ORG;2012271201_1904-01-02_ed-1_seq-1_ocr.txt;1;179;1904-01-02
Cronaca Sovversiva;cronaca sovversiva;ORG;2012271201_1903-06-06_ed-1_seq-1_ocr.txt;1;4;1903-06-06
Cronaca Sovversiva;czolgoz;PER;2012271201_1904-01-02_ed-1_seq-1_ocr.txt;1;291;1904-01-02
Cronaca Sovversiva;dal comunismo anarchismo;PER;2012271201_1903-06-06_ed-1_seq-1_ocr.txt;1;34;1903-06-06
Cronaca Sovversiva;dinanzi;PER;2012271201_1904-01-02_ed-1_seq-1_ocr.txt;1;281;1904-01-02
Cronaca Sovversiva;enuréd imond;ORG;2012271201_1904-01-02_ed-1_seq-1_ocr.txt;1;150;1904-01-02
Cronaca Sovversiva;fidenza;ORG;2012271201_1903-06-06_ed-1_seq-1_ocr.txt;1;130;1903-06-06
Cronaca Sovversiva;fourmies;ORG;2012271201_1904-01-02_ed-1_seq-1_ocr.txt;2;163;1904-01-02
Cronaca Sovversiva;fubukd try sur;ORG;2012271201_1904-01-02_ed-1_seq-1_ocr.txt;1;151;1904-01-02
Cronaca Sovversiva;giarratana;ORG;2012271201_1904-01-02_ed-1_seq-1_ocr.txt;1;163;1904-01-02
Cronaca Sovversiva;gii;PER;2012271201_1903-06-06_ed-1_seq-1_ocr.txt;1;114;1903-06-06
Cronaca Sovversiva;ginevra;GPE;2012271201_1904-01-02_ed-1_seq-1_ocr.txt;1;190;1904-01-02
Cronaca Sovversiva;giugno programma;ORG;2012271201_1903-06-06_ed-1_seq-1_ocr.txt;1;3;1903-06-06
Cronaca Sovversiva;iìcrona;ORG;2012271201_1903-06-06_ed-1_seq-1_ocr.txt;1;125;1903-06-06
Cronaca Sovversiva;iksi nf;ORG;2012271201_1903-06-06_ed-1_seq-1_ocr.txt;1;76;1903-06-06
Cronaca Sovversiva;imprudenza otavéh;ORG;2012271201_1904-01-02_ed-1_seq-1_ocr.txt;1;264;1904-01-02
Cronaca Sovversiva;januaey bakre;ORG;2012271201_1904-01-02_ed-1_seq-1_ocr.txt;1;146;1904-01-02
Cronaca Sovversiva;joìj srd;ORG;2012271201_1904-01-02_ed-1_seq-1_ocr.txt;1;150;1904-01-02
Cronaca Sovversiva;la;PER;2012271201_1903-06-06_ed-1_seq-1_ocr.txt;1;142;1903-06-06
Cronaca Sovversiva;lavoratori;ORG;2012271201_1903-06-06_ed-1_seq-1_ocr.txt;1;37;1903-06-06
Cronaca Sovversiva;li;PER;2012271201_1903-06-06_ed-1_seq-1_ocr.txt;1;81;1903-06-06
Cronaca Sovversiva;liberta;ORG;2012271201_1904-01-02_ed-1_seq-1_ocr.txt;1;192;1904-01-02
Cronaca Sovversiva;lta perai p;ORG;2012271201_1904-01-02_ed-1_seq-1_ocr.txt;1;205;1904-01-02
Cronaca Sovversiva;magra eternati;ORG;2012271201_1904-01-02_ed-1_seq-1_ocr.txt;1;213;1904-01-02
Cronaca Sovversiva;mtpr novano privelegi esausti vigore;ORG;2012271201_1903-06-06_ed-1_seq-1_ocr.txt;1;95;1903-06-06
Cronaca Sovversiva;nata;ORG;2012271201_1903-06-06_ed-1_seq-1_ocr.txt;1;5;1903-06-06
Cronaca Sovversiva;qulx ipercritici;ORG;2012271201_1903-06-06_ed-1_seq-1_ocr.txt;1;141;1903-06-06
Cronaca Sovversiva;redan;ORG;2012271201_1903-06-06_ed-1_seq-1_ocr.txt;1;2;1903-06-06
Cronaca Sovversiva;rodfti ainministranone;ORG;2012271201_1904-01-02_ed-1_seq-1_ocr.txt;1;145;1904-01-02
Cronaca Sovversiva;sa;ORG;2012271201_1904-01-02_ed-1_seq-1_ocr.txt;1;214;1904-01-02
Cronaca Sovversiva;sacerdoti laa d snatica profeti;ORG;2012271201_1903-06-06_ed-1_seq-1_ocr.txt;1;90;1903-06-06
Cronaca Sovversiva;satueday;ORG;2012271201_1904-01-02_ed-1_seq-1_ocr.txt;1;146;1904-01-02
Cronaca Sovversiva;shopenhauer leopardi;ORG;2012271201_1904-01-02_ed-1_seq-1_ocr.txt;1;283;1904-01-02
Cronaca Sovversiva;sovversiva;ORG;2012271201_1903-06-06_ed-1_seq-1_ocr.txt;1;125;1903-06-06
Cronaca Sovversiva;sovversiva ìl;ORG;2012271201_1903-06-06_ed-1_seq-1_ocr.txt;1;102;1903-06-06
Cronaca Sovversiva;subaeriptioa yar rix;ORG;2012271201_1904-01-02_ed-1_seq-1_ocr.txt;1;152;1904-01-02
Cronaca Sovversiva;tir ìnrn;ORG;2012271201_1904-01-02_ed-1_seq-1_ocr.txt;1;284;1904-01-02
Cronaca Sovversiva;tsuolleclxjs;ORG;2012271201_1903-06-06_ed-1_seq-1_ocr.txt;1;103;1903-06-06
Cronaca Sovversiva;vermont;ORG;2012271201_1903-06-06_ed-1_seq-1_ocr.txt;1;2;1903-06-06
Cronaca Sovversiva;vi;ORG;2012271201_1903-06-06_ed-1_seq-1_ocr.txt;1;94;1903-06-06
Cronaca Sovversiva;vnaeat nndar csf rd;ORG;2012271201_1904-01-02_ed-1_seq-1_ocr.txt;1;151;1904-01-02
Cronaca Sovversiva;vt;ORG;2012271201_1904-01-02_ed-1_seq-1_ocr.txt;1;145;1904-01-02
Cronaca Sovversiva;xhm postfse bi;ORG;2012271201_1904-01-02_ed-1_seq-1_ocr.txt;1;150;1904-01-02
Cronaca Sovversiva;xqx yisoria;ORG;2012271201_1903-06-06_ed-1_seq-1_ocr.txt;1;4;1903-06-06
Cronaca Sovversiva;yeemont;ORG;2012271201_1904-01-02_ed-1_seq-1_ocr.txt;1;146;1904-01-02
Il Patriota;abbonatevi patriota;ORG;sn85054967_1914-08-08_ed-1_seq-5_ocr.txt;1;152;1914-08-08
Il Patriota;aja;ORG;sn85054967_1914-08-08_ed-1_seq-5_ocr.txt;1;93;1914-08-08
Il Patriota;albania;GPE;sn85054967_1915-01-02_ed-1_seq-5_ocr.txt;3;212;1915-01-02
Il Patriota;alessandro mattioli pasqualini;PER;sn85054967_1915-01-02_ed-1_seq-5_ocr.txt;1;199;1915-01-02
Il Patriota;ambasciata russa;ORG;sn85054967_1914-08-08_ed-1_seq-5_ocr.txt;1;97;1914-08-08
Il Patriota;ambasciata tedesca pietroburgo;ORG;sn85054967_1914-08-08_ed-1_seq-5_ocr.txt;1;94;1914-08-08
Il Patriota;artiglieri;ORG;sn85054967_1915-01-02_ed-1_seq-5_ocr.txt;1;194;1915-01-02
Il Patriota;austria;GPE;sn85054967_1915-01-02_ed-1_seq-5_ocr.txt;1;233;1915-01-02
Il Patriota;auguri sinceri;ORG;sn85054967_1914-08-08_ed-1_seq-5_ocr.txt;1;52;1914-08-08
Il Patriota;austria;GPE;sn85054967_1914-08-08_ed-1_seq-5_ocr.txt;5;83 63;1914-08-08
Il Patriota;balzai;PER;sn85054967_1914-08-08_ed-1_seq-5_ocr.txt;1;145;1914-08-08
Il Patriota;banca d ltalia;ORG;sn85054967_1914-08-08_ed-1_seq-5_ocr.txt;1;105;1914-08-08
Il Patriota;banco napoli della banca sicilia;ORG;sn85054967_1914-08-08_ed-1_seq-5_ocr.txt;1;105;1914-08-08
Il Patriota;belgio;GPE;sn85054967_1914-08-08_ed-1_seq-5_ocr.txt;1;65;1914-08-08
Il Patriota;beniami griffo raffaele cerva;ORG;sn85054967_1914-08-08_ed-1_seq-5_ocr.txt;1;51;1914-08-08
Il Patriota;berlino;GPE;sn85054967_1914-08-08_ed-1_seq-5_ocr.txt;2;95;1914-08-08
Il Patriota;big;ORG;sn85054967_1914-08-08_ed-1_seq-5_ocr.txt;1;35;1914-08-08
Il Patriota;booker washington;ORG;sn85054967_1914-08-08_ed-1_seq-5_ocr.txt;1;17;1914-08-08
Il Patriota;bosnia;GPE;sn85054967_1914-08-08_ed-1_seq-5_ocr.txt;1;67;1914-08-08
Il Patriota;brescia;GPE;sn85054967_1915-01-02_ed-1_seq-5_ocr.txt;1;251;1915-01-02
Il Patriota;cardinale gasparri;PER;sn85054967_1915-01-02_ed-1_seq-5_ocr.txt;1;194;1915-01-02
Il Patriota;carpazi;ORG;sn85054967_1914-08-08_ed-1_seq-5_ocr.txt;1;67;1914-08-08
Il Patriota;casu;ORG;sn85054967_1914-08-08_ed-1_seq-5_ocr.txt;1;48;1914-08-08
Il Patriota;catanzaro;GPE;sn85054967_1914-08-08_ed-1_seq-5_ocr.txt;1;51;1914-08-08
Il Patriota;centinaia telegrammi;ORG;sn85054967_1915-01-02_ed-1_seq-5_ocr.txt;1;204;1915-01-02
Il Patriota;confini nordici roma;GPE;sn85054967_1914-08-08_ed-1_seq-5_ocr.txt;1;113;1914-08-08
Il Patriota;convenzione dell aia;ORG;sn85054967_1914-08-08_ed-1_seq-5_ocr.txt;1;87;1914-08-08
Il Patriota;deforneuat;ORG;sn85054967_1914-08-08_ed-1_seq-5_ocr.txt;1;150;1914-08-08
Il Patriota;deibler;PER;sn85054967_1914-08-08_ed-1_seq-5_ocr.txt;1;150;1914-08-08
Il Patriota;dipartimento stato;ORG;sn85054967_1914-08-08_ed-1_seq-5_ocr.txt;2;94;1914-08-08
Il Patriota;dipartimento stato alle ambasciate delle nazioni coinvolte;ORG;sn85054967_1914-08-08_ed-1_seq-5_ocr.txt;1;89;1914-08-08
Il Patriota;direzione amministrazione marshall bldg;ORG;sn85054967_1914-08-08_ed-1_seq-5_ocr.txt;1;121;1914-08-08
Il Patriota;dopo comunicazione dell amba sciatore;ORG;sn85054967_1914-08-08_ed-1_seq-5_ocr.txt;1;69;1914-08-08
Il Patriota;elia casu;ORG;sn85054967_1914-08-08_ed-1_seq-5_ocr.txt;1;45;1914-08-08
Il Patriota;elio spagna;PER;sn85054967_1914-08-08_ed-1_seq-5_ocr.txt;1;131;1914-08-08
Il Patriota;ella;PER;sn85054967_1914-08-08_ed-1_seq-5_ocr.txt;1;20;1914-08-08
Il Patriota;europa;GPE;sn85054967_1914-08-08_ed-1_seq-5_ocr.txt;2;56;1914-08-08
Il Patriota;europa;GPE;sn85054967_1915-01-02_ed-1_seq-5_ocr.txt;1;158;1915-01-02
Il Patriota;fiori;PER;sn85054967_1914-08-08_ed-1_seq-5_ocr.txt;1;50;1914-08-08
Il Patriota;francia;GPE;sn85054967_1914-08-08_ed-1_seq-5_ocr.txt;3;68 63;1914-08-08
Il Patriota;francia;GPE;sn85054967_1915-01-02_ed-1_seq-5_ocr.txt;2;243;1915-01-02
Il Patriota;french and spanish products;ORG;sn85054967_1914-08-08_ed-1_seq-5_ocr.txt;1;42;1914-08-08
Il Patriota;gabinetto;ORG;sn85054967_1915-01-02_ed-1_seq-5_ocr.txt;1;196;1915-01-02
Il Patriota;gen;PER;sn85054967_1915-01-02_ed-1_seq-5_ocr.txt;1;197;1915-01-02
Il Patriota;germania;GPE;sn85054967_1914-08-08_ed-1_seq-5_ocr.txt;7;68;1914-08-08
Il Patriota;giugno carlopoli;ORG;sn85054967_1914-08-08_ed-1_seq-5_ocr.txt;1;50;1914-08-08
Il Patriota;governo;PER;sn85054967_1915-01-02_ed-1_seq-5_ocr.txt;1;249;1915-01-02
Il Patriota;governo salandra;ORG;sn85054967_1915-01-02_ed-1_seq-5_ocr.txt;1;219;1915-01-02
Il Patriota;gran poeta;ORG;sn85054967_1914-08-08_ed-1_seq-5_ocr.txt;1;21;1914-08-08
Il Patriota;granbretagna;ORG;sn85054967_1914-08-08_ed-1_seq-5_ocr.txt;2;63;1914-08-08
Il Patriota;intanto giappone;PER;sn85054967_1914-08-08_ed-1_seq-5_ocr.txt;1;66;1914-08-08
Il Patriota;italia;GPE;sn85054967_1914-08-08_ed-1_seq-5_ocr.txt;4;26;1914-08-08
Il Patriota;italia;GPE;sn85054967_1915-01-02_ed-1_seq-5_ocr.txt;2;170;1915-01-02
Il Patriota;italia roma;GPE;sn85054967_1914-08-08_ed-1_seq-5_ocr.txt;1;109;1914-08-08
Il Patriota;austria;GPE;sn85054967_1914-08-08_ed-1_seq-5_ocr.txt;2;62 59;1914-08-08
Il Patriota;lago;LOC;sn85054967_1915-01-02_ed-1_seq-5_ocr.txt;2;240;1915-01-02
Il Patriota;lago garda;LOC;sn85054967_1915-01-02_ed-1_seq-5_ocr.txt;2;232;1915-01-02
Il Patriota;lago garda;LOC;sn85054967_1915-01-02_ed-1_seq-5_ocr.txt;1;251;1915-01-02
Il Patriota;londra;GPE;sn85054967_1914-08-08_ed-1_seq-5_ocr.txt;1;110;1914-08-08
Il Patriota;marcio;ORG;sn85054967_1914-08-08_ed-1_seq-5_ocr.txt;1;119;1914-08-08
Il Patriota;marina;PER;sn85054967_1915-01-02_ed-1_seq-5_ocr.txt;1;206;1915-01-02
Il Patriota;marocco;GPE;sn85054967_1914-08-08_ed-1_seq-5_ocr.txt;1;132;1914-08-08
Il Patriota;marshall building;ORG;sn85054967_1914-08-08_ed-1_seq-5_ocr.txt;1;33;1914-08-08
Il Patriota;marsiglia tolone;GPE;sn85054967_1914-08-08_ed-1_seq-5_ocr.txt;1;112;1914-08-08
Il Patriota;matin;PER;sn85054967_1914-08-08_ed-1_seq-5_ocr.txt;1;116;1914-08-08
Il Patriota;maurizio doucet;PER;sn85054967_1914-08-08_ed-1_seq-5_ocr.txt;1;117;1914-08-08
Il Patriota;mediterraneo;GPE;sn85054967_1914-08-08_ed-1_seq-5_ocr.txt;1;126;1914-08-08
Il Patriota;ministero degli esteri;ORG;sn85054967_1914-08-08_ed-1_seq-5_ocr.txt;1;68;1914-08-08
Il Patriota;ministero grazia giustizia;ORG;sn85054967_1915-01-02_ed-1_seq-5_ocr.txt;1;212;1915-01-02
Il Patriota;monsignor beccaria;PER;sn85054967_1915-01-02_ed-1_seq-5_ocr.txt;1;207;1915-01-02
Il Patriota;monte mario;ORG;sn85054967_1915-01-02_ed-1_seq-5_ocr.txt;1;209;1915-01-02
Il Patriota;new york;GPE;sn85054967_1915-01-02_ed-1_seq-5_ocr.txt;1;214;1915-01-02
Il Patriota;nicola del montenegro;PER;sn85054967_1915-01-02_ed-1_seq-5_ocr.txt;1;200;1915-01-02
Il Patriota;no;ORG;sn85054967_1915-01-02_ed-1_seq-5_ocr.txt;1;258;1915-01-02
Il Patriota;olanda svizzera;ORG;sn85054967_1914-08-08_ed-1_seq-5_ocr.txt;1;65;1914-08-08
Il Patriota;pa;ORG;sn85054967_1914-08-08_ed-1_seq-5_ocr.txt;1;123;1914-08-08
Il Patriota;parigi;GPE;sn85054967_1914-08-08_ed-1_seq-5_ocr.txt;2;98;1914-08-08
Il Patriota;patria;GPE;sn85054967_1915-01-02_ed-1_seq-5_ocr.txt;1;170;1915-01-02
Il Patriota;patriota;ORG;sn85054967_1914-08-08_ed-1_seq-5_ocr.txt;2;3;1914-08-08
Il Patriota;pel raccolto vinicolo roma;ORG;sn85054967_1914-08-08_ed-1_seq-5_ocr.txt;1;138;1914-08-08
Il Patriota;pero;PER;sn85054967_1914-08-08_ed-1_seq-5_ocr.txt;1;15;1914-08-08
Il Patriota;pertanto;PER;sn85054967_1914-08-08_ed-1_seq-5_ocr.txt;1;21;1914-08-08
Il Patriota;pestalozza;ORG;sn85054967_1915-01-02_ed-1_seq-5_ocr.txt;1;185;1915-01-02
Il Patriota;pestalozza stianelli;ORG;sn85054967_1915-01-02_ed-1_seq-5_ocr.txt;1;189;1915-01-02
Il Patriota;peter wm;PER;sn85054967_1914-08-08_ed-1_seq-5_ocr.txt;1;41;1914-08-08
Il Patriota;photo american press association;ORG;sn85054967_1915-01-02_ed-1_seq-5_ocr.txt;1;193;1915-01-02
Il Patriota;roma;GPE;sn85054967_1914-08-08_ed-1_seq-5_ocr.txt;1;130;1914-08-08
Il Patriota;portogallo;GPE;sn85054967_1914-08-08_ed-1_seq-5_ocr.txt;1;131;1914-08-08
Il Patriota;presi denfe wilson;ORG;sn85054967_1914-08-08_ed-1_seq-5_ocr.txt;1;73;1914-08-08
Il Patriota;probabile azione dell;GPE;sn85054967_1914-08-08_ed-1_seq-5_ocr.txt;1;109;1914-08-08
Il Patriota;prof;PER;sn85054967_1915-01-02_ed-1_seq-5_ocr.txt;1;184;1915-01-02
Il Patriota;progresso ialo americano;ORG;sn85054967_1915-01-02_ed-1_seq-5_ocr.txt;1;214;1915-01-02
Il Patriota;quel rospo nero;ORG;sn85054967_1914-08-08_ed-1_seq-5_ocr.txt;1;18;1914-08-08
Il Patriota;quirinale;ORG;sn85054967_1915-01-02_ed-1_seq-5_ocr.txt;1;190;1915-01-02
Il Patriota;re;PER;sn85054967_1915-01-02_ed-1_seq-5_ocr.txt;1;198;1915-01-02
Il Patriota;real casa;ORG;sn85054967_1915-01-02_ed-1_seq-5_ocr.txt;1;198;1915-01-02
Il Patriota;regina;PER;sn85054967_1915-01-02_ed-1_seq-5_ocr.txt;1;187;1915-01-02
Il Patriota;regina elena;PER;sn85054967_1915-01-02_ed-1_seq-5_ocr.txt;1;181;1915-01-02
Il Patriota;regno;GPE;sn85054967_1915-01-02_ed-1_seq-5_ocr.txt;1;256;1915-01-02
Il Patriota;repubblica;GPE;sn85054967_1914-08-08_ed-1_seq-5_ocr.txt;1;3;1914-08-08
Il Patriota;roma;GPE;sn85054967_1915-01-02_ed-1_seq-5_ocr.txt;4;185;1915-01-02
Il Patriota;roma;GPE;sn85054967_1914-08-08_ed-1_seq-5_ocr.txt;2;68;1914-08-08
Il Patriota;roma;GPE;sn85054967_1915-01-02_ed-1_seq-5_ocr.txt;2;179;1915-01-02
Il Patriota;russia;GPE;sn85054967_1914-08-08_ed-1_seq-5_ocr.txt;1;67;1914-08-08
Il Patriota;russia;ORG;sn85054967_1914-08-08_ed-1_seq-5_ocr.txt;1;63;1914-08-08
Il Patriota;salandra;PER;sn85054967_1915-01-02_ed-1_seq-5_ocr.txt;1;196;1915-01-02
Il Patriota;samuele manica intyre;PER;sn85054967_1915-01-02_ed-1_seq-5_ocr.txt;1;174;1915-01-02
Il Patriota;samuele maruca;PER;sn85054967_1915-01-02_ed-1_seq-5_ocr.txt;1;177;1915-01-02
Il Patriota;sara;PER;sn85054967_1915-01-02_ed-1_seq-5_ocr.txt;1;166;1915-01-02
Il Patriota;scabia;PER;sn85054967_1914-08-08_ed-1_seq-5_ocr.txt;1;36;1914-08-08
Il Patriota;sera;ORG;sn85054967_1914-08-08_ed-1_seq-5_ocr.txt;1;36;1914-08-08
Il Patriota;serbia;GPE;sn85054967_1914-08-08_ed-1_seq-5_ocr.txt;2;67;1914-08-08
Il Patriota;serbia del montenegro;GPE;sn85054967_1914-08-08_ed-1_seq-5_ocr.txt;1;93;1914-08-08
Il Patriota;serbia montenegro;ORG;sn85054967_1914-08-08_ed-1_seq-5_ocr.txt;1;63;1914-08-08
Il Patriota;sfida;ORG;sn85054967_1914-08-08_ed-1_seq-5_ocr.txt;1;58;1914-08-08
Il Patriota;sicilia;GPE;sn85054967_1914-08-08_ed-1_seq-5_ocr.txt;2;13;1914-08-08
Il Patriota;sig;PER;sn85054967_1914-08-08_ed-1_seq-5_ocr.txt;2;36;1914-08-08
Il Patriota;signorina chelina bilotti leopoldo;ORG;sn85054967_1914-08-08_ed-1_seq-5_ocr.txt;1;51;1914-08-08
Il Patriota;spagna;GPE;sn85054967_1914-08-08_ed-1_seq-5_ocr.txt;2;67;1914-08-08
Il Patriota;stanza indiana;ORG;sn85054967_1914-08-08_ed-1_seq-5_ocr.txt;1;122;1914-08-08
Il Patriota;stanza indiana;ORG;sn85054967_1915-01-02_ed-1_seq-5_ocr.txt;1;244;1915-01-02
Il Patriota;stasera;PER;sn85054967_1915-01-02_ed-1_seq-5_ocr.txt;1;210;1915-01-02
Il Patriota;stati uniti;GPE;sn85054967_1915-01-02_ed-1_seq-5_ocr.txt;1;256;1915-01-02
Il Patriota;stella d;ORG;sn85054967_1914-08-08_ed-1_seq-5_ocr.txt;1;11;1914-08-08
Il Patriota;spezia;GPE;sn85054967_1914-08-08_ed-1_seq-5_ocr.txt;1;65;1914-08-08
Il Patriota;the;GPE;sn85054967_1914-08-08_ed-1_seq-5_ocr.txt;1;156;1914-08-08
Il Patriota;the patriot publish;ORG;sn85054967_1914-08-08_ed-1_seq-5_ocr.txt;1;156;1914-08-08
Il Patriota;tirreno;LOC;sn85054967_1914-08-08_ed-1_seq-5_ocr.txt;1;112;1914-08-08
Il Patriota;tours;PER;sn85054967_1914-08-08_ed-1_seq-5_ocr.txt;1;117;1914-08-08
Il Patriota;tozzi;ORG;sn85054967_1914-08-08_ed-1_seq-5_ocr.txt;1;42;1914-08-08
Il Patriota;trento trieste;ORG;sn85054967_1915-01-02_ed-1_seq-5_ocr.txt;1;217;1915-01-02
Il Patriota;triplice alleanza;ORG;sn85054967_1914-08-08_ed-1_seq-5_ocr.txt;1;111;1914-08-08
Il Patriota;triplice intesa;ORG;sn85054967_1914-08-08_ed-1_seq-5_ocr.txt;1;137;1914-08-08
Il Patriota;triplice lenza;ORG;sn85054967_1914-08-08_ed-1_seq-5_ocr.txt;1;68;1914-08-08
Il Patriota;ungheria;GPE;sn85054967_1914-08-08_ed-1_seq-5_ocr.txt;2;59;1914-08-08
Il Patriota;ungheria germania;ORG;sn85054967_1914-08-08_ed-1_seq-5_ocr.txt;1;63;1914-08-08
Il Patriota;verona;ORG;sn85054967_1914-08-08_ed-1_seq-5_ocr.txt;1;44;1914-08-08
Il Patriota;vertenza risolta roma;GPE;sn85054967_1915-01-02_ed-1_seq-5_ocr.txt;1;254;1915-01-02
Il Patriota;viva trento trieste;ORG;sn85054967_1915-01-02_ed-1_seq-5_ocr.txt;1;220;1915-01-02
Il Patriota;von flotow;PER;sn85054967_1914-08-08_ed-1_seq-5_ocr.txt;1;68;1914-08-08
Il Patriota;washington;GPE;sn85054967_1914-08-08_ed-1_seq-5_ocr.txt;1;94;1914-08-08
Il Patriota;wilson washington;ORG;sn85054967_1914-08-08_ed-1_seq-5_ocr.txt;1;72;1914-08-08
Il Patriota;woodrow wilson;PER;sn85054967_1914-08-08_ed-1_seq-5_ocr.txt;1;88;1914-08-08
Il Patriota;zar russia;GPE;sn85054967_1914-08-08_ed-1_seq-5_ocr.txt;1;75;1914-08-08
L'Italia;aavtiliii;ORG;sn85066408_1897-01-25_ed-1_seq-1_ocr.txt;1;26;1897-01-25
L'Italia;abbonatevi giornale l;ORG;sn85066408_1915-01-01_ed-1_seq-1_ocr.txt;1;1275;1915-01-01
L'Italia;abbonati;ORG;sn85066408_1903-01-02_ed-1_seq-1_ocr.txt;1;534;1903-01-02
L'Italia;accademia delle scienze stocol;ORG;sn85066408_1903-01-02_ed-1_seq-1_ocr.txt;1;386;1903-01-02
L'Italia;adesso;PER;sn85066408_1915-01-01_ed-1_seq-1_ocr.txt;1;1102;1915-01-01
L'Italia;adolfo i wlm;ORG;sn85066408_1915-01-01_ed-1_seq-1_ocr.txt;1;1234;1915-01-01
L'Italia;afri;ORG;sn85066408_1904-01-02_ed-1_seq-1_ocr.txt;1;736;1904-01-02
L'Italia;africa;GPE;sn85066408_1897-01-26_ed-1_seq-1_ocr.txt;1;232;1897-01-26
L'Italia;agia and ing;ORG;sn85066408_1897-01-25_ed-1_seq-1_ocr.txt;1;7;1897-01-25
L'Italia;aja;ORG;sn85066408_1915-01-01_ed-1_seq-1_ocr.txt;1;1055;1915-01-01
L'Italia;albanese;PER;sn85066408_1915-01-01_ed-1_seq-1_ocr.txt;2;1116;1915-01-01
L'Italia;albania;GPE;sn85066408_1915-01-01_ed-1_seq-1_ocr.txt;1;1118;1915-01-01
L'Italia;albergo svizzero;ORG;sn85066408_1903-01-02_ed-1_seq-1_ocr.txt;1;376;1903-01-02
L'Italia;alessandro asalini;ORG;sn85066408_1915-01-01_ed-1_seq-1_ocr.txt;1;1196;1915-01-01
L'Italia;alessandro novella;PER;sn85066408_1915-01-01_ed-1_seq-1_ocr.txt;1;1229;1915-01-01
L'Italia;alihaou patrizi;ORG;sn85066408_1903-01-02_ed-1_seq-1_ocr.txt;1;532;1903-01-02
L'Italia;alleare nnazlunal hikiioi hi;ORG;sn85066408_1903-01-02_ed-1_seq-1_ocr.txt;1;562;1903-01-02
L'Italia;alpi;LOC;sn85066408_1903-01-02_ed-1_seq-1_ocr.txt;1;465;1903-01-02
L'Italia;alsazia;ORG;sn85066408_1915-01-01_ed-1_seq-1_ocr.txt;1;1021;1915-01-01
L'Italia;america;GPE;sn85066408_1897-01-26_ed-1_seq-1_ocr.txt;1;286;1897-01-26
L'Italia;america;GPE;sn85066408_1904-01-02_ed-1_seq-1_ocr.txt;1;737;1904-01-02
L'Italia;ami;ORG;sn85066408_1904-01-02_ed-1_seq-1_ocr.txt;1;582;1904-01-02
L'Italia;amnslimi;PER;sn85066408_1904-01-02_ed-1_seq-1_ocr.txt;1;841;1904-01-02
L'Italia;anche inghiterra francia fred;ORG;sn85066408_1897-01-25_ed-1_seq-1_ocr.txt;1;21;1897-01-25
L'Italia;ancona;GPE;sn85066408_1915-01-01_ed-1_seq-1_ocr.txt;2;1128;1915-01-01
L'Italia;and ing;ORG;sn85066408_1897-01-26_ed-1_seq-1_ocr.txt;1;142;1897-01-26
L'Italia;angelo gubernatis;PER;sn85066408_1897-01-26_ed-1_seq-1_ocr.txt;1;256;1897-01-26
L'Italia;anni;ORG;sn85066408_1915-01-01_ed-1_seq-1_ocr.txt;1;1236;1915-01-01
L'Italia;anno fv;ORG;sn85066408_1904-01-02_ed-1_seq-1_ocr.txt;1;792;1904-01-02
L'Italia;antonelli nerazzmi;ORG;sn85066408_1897-01-26_ed-1_seq-1_ocr.txt;1;233;1897-01-26
L'Italia;antoni;PER;sn85066408_1904-01-02_ed-1_seq-1_ocr.txt;1;833;1904-01-02
L'Italia;ap fitrovie;ORG;sn85066408_1904-01-02_ed-1_seq-1_ocr.txt;1;733;1904-01-02
L'Italia;apocalisse;ORG;sn85066408_1914-01-01_ed-1_seq-1_ocr.txt;1;932;1914-01-01
L'Italia;arcivescovo bologna cardinal della chiesa;ORG;sn85066408_1915-01-01_ed-1_seq-1_ocr.txt;1;1131;1915-01-01
L'Italia;argentina;GPE;sn85066408_1897-01-26_ed-1_seq-1_ocr.txt;4;258;1897-01-26
L'Italia;arici;ORG;sn85066408_1915-01-01_ed-1_seq-1_ocr.txt;1;1021;1915-01-01
L'Italia;asia;GPE;sn85066408_1904-01-02_ed-1_seq-1_ocr.txt;3;707;1904-01-02
L'Italia;asia;GPE;sn85066408_1915-01-01_ed-1_seq-1_ocr.txt;1;1087;1915-01-01
L'Italia;asia minore ismn angora loponnesia di trip;ORG;sn85066408_1904-01-02_ed-1_seq-1_ocr.txt;1;742;1904-01-02
L'Italia;assi;ORG;sn85066408_1915-01-01_ed-1_seq-1_ocr.txt;1;1073;1915-01-01
L'Italia;assisi;PER;sn85066408_1915-01-01_ed-1_seq-1_ocr.txt;1;1059;1915-01-01
L'Italia;aste;ORG;sn85066408_1915-01-01_ed-1_seq-1_ocr.txt;1;1243;1915-01-01
L'Italia;attività l ahivp;ORG;sn85066408_1903-01-02_ed-1_seq-1_ocr.txt;1;487;1903-01-02
L'Italia;august capitol stock;ORG;sn85066408_1897-01-25_ed-1_seq-1_ocr.txt;1;3;1897-01-25
L'Italia;austria;GPE;sn85066408_1915-01-01_ed-1_seq-1_ocr.txt;6;1139 1169;1915-01-01
L'Italia;austria bulgaria;ORG;sn85066408_1915-01-01_ed-1_seq-1_ocr.txt;1;1172;1915-01-01
L'Italia;avv;ORG;sn85066408_1915-01-01_ed-1_seq-1_ocr.txt;4;1187;1915-01-01
L'Italia;b l;ORG;sn85066408_1904-01-02_ed-1_seq-1_ocr.txt;1;796;1904-01-02
L'Italia;banca baio americana;ORG;sn85066408_1903-01-02_ed-1_seq-1_ocr.txt;1;530;1903-01-02
L'Italia;banca italo;ORG;sn85066408_1903-01-02_ed-1_seq-1_ocr.txt;1;485;1903-01-02
L'Italia;banca tal;ORG;sn85066408_1903-01-02_ed-1_seq-1_ocr.txt;1;473;1903-01-02
L'Italia;banche k;ORG;sn85066408_1903-01-02_ed-1_seq-1_ocr.txt;1;505;1903-01-02
L'Italia;bar saloon;ORG;sn85066408_1897-01-26_ed-1_seq-1_ocr.txt;1;175;1897-01-26
L'Italia;basile;PER;sn85066408_1914-01-01_ed-1_seq-1_ocr.txt;6;908;1914-01-01
L'Italia;basile edoardo negri;PER;sn85066408_1914-01-01_ed-1_seq-1_ocr.txt;1;962;1914-01-01
L'Italia;belgio;GPE;sn85066408_1897-01-26_ed-1_seq-1_ocr.txt;1;166;1897-01-26
L'Italia;berchtold ped rum;ORG;sn85066408_1915-01-01_ed-1_seq-1_ocr.txt;1;1161;1915-01-01
L'Italia;berlino;GPE;sn85066408_1903-01-02_ed-1_seq-1_ocr.txt;1;398;1903-01-02
L'Italia;berlino;GPE;sn85066408_1904-01-02_ed-1_seq-1_ocr.txt;1;668;1904-01-02
L'Italia;bmilìi kuhuì;ORG;sn85066408_1903-01-02_ed-1_seq-1_ocr.txt;1;560;1903-01-02
L'Italia;bomba;GPE;sn85066408_1897-01-25_ed-1_seq-1_ocr.txt;1;38;1897-01-25
L'Italia;bombay;ORG;sn85066408_1897-01-25_ed-1_seq-1_ocr.txt;1;85;1897-01-25
L'Italia;bordeaux;ORG;sn85066408_1897-01-26_ed-1_seq-1_ocr.txt;1;218;1897-01-26
L'Italia;bosnia;GPE;sn85066408_1915-01-01_ed-1_seq-1_ocr.txt;1;1134;1915-01-01
L'Italia;boston;GPE;sn85066408_1904-01-02_ed-1_seq-1_ocr.txt;1;664;1904-01-02
L'Italia;botto;PER;sn85066408_1914-01-01_ed-1_seq-1_ocr.txt;1;950;1914-01-01
L'Italia;box telephone;ORG;sn85066408_1897-01-26_ed-1_seq-1_ocr.txt;1;147;1897-01-26
L'Italia;brouardel consiglio pubblico sanità;ORG;sn85066408_1897-01-25_ed-1_seq-1_ocr.txt;1;85;1897-01-25
L'Italia;brtslavia;ORG;sn85066408_1903-01-02_ed-1_seq-1_ocr.txt;1;368;1903-01-02
L'Italia;buffalo washington;GPE;sn85066408_1904-01-02_ed-1_seq-1_ocr.txt;1;664;1904-01-02
L'Italia;bulgaria;GPE;sn85066408_1915-01-01_ed-1_seq-1_ocr.txt;1;1173;1915-01-01
L'Italia;ca;ORG;sn85066408_1903-01-02_ed-1_seq-1_ocr.txt;1;462;1903-01-02
L'Italia;caasi sà;ORG;sn85066408_1914-01-01_ed-1_seq-1_ocr.txt;1;968;1914-01-01
L'Italia;camera;ORG;sn85066408_1914-01-01_ed-1_seq-1_ocr.txt;3;908;1914-01-01
L'Italia;camera;ORG;sn85066408_1915-01-01_ed-1_seq-1_ocr.txt;2;1164;1915-01-01
L'Italia;camera attuale;ORG;sn85066408_1897-01-26_ed-1_seq-1_ocr.txt;1;206;1897-01-26
L'Italia;camera dei rapresen;ORG;sn85066408_1915-01-01_ed-1_seq-1_ocr.txt;1;1100;1915-01-01
L'Italia;camera senato;ORG;sn85066408_1915-01-01_ed-1_seq-1_ocr.txt;1;1140;1915-01-01
L'Italia;camillo bollo;PER;sn85066408_1915-01-01_ed-1_seq-1_ocr.txt;1;1133;1915-01-01
L'Italia;canada;GPE;sn85066408_1904-01-02_ed-1_seq-1_ocr.txt;1;659;1904-01-02
L'Italia;cani tale corpo diplomatico;ORG;sn85066408_1914-01-01_ed-1_seq-1_ocr.txt;1;970;1914-01-01
L'Italia;canili;ORG;sn85066408_1897-01-25_ed-1_seq-1_ocr.txt;1;130;1897-01-25
L'Italia;capitalo;ORG;sn85066408_1903-01-02_ed-1_seq-1_ocr.txt;1;491;1903-01-02
L'Italia;capitelli vice;ORG;sn85066408_1914-01-01_ed-1_seq-1_ocr.txt;1;948;1914-01-01
L'Italia;capo d anno;ORG;sn85066408_1903-01-02_ed-1_seq-1_ocr.txt;1;313;1903-01-02
L'Italia;capodanno sovrani;ORG;sn85066408_1914-01-01_ed-1_seq-1_ocr.txt;1;970;1914-01-01
L'Italia;cardinale rampolla;PER;sn85066408_1914-01-01_ed-1_seq-1_ocr.txt;1;918;1914-01-01
L'Italia;carlo laurent;PER;sn85066408_1903-01-02_ed-1_seq-1_ocr.txt;1;436;1903-01-02
L'Italia;carlo rudini;PER;sn85066408_1897-01-26_ed-1_seq-1_ocr.txt;1;231;1897-01-26
L'Italia;carlo rumatila;PER;sn85066408_1915-01-01_ed-1_seq-1_ocr.txt;1;1133;1915-01-01
L'Italia;carniera;ORG;sn85066408_1914-01-01_ed-1_seq-1_ocr.txt;1;948;1914-01-01
L'Italia;carr perelf ntri year;ORG;sn85066408_1897-01-25_ed-1_seq-1_ocr.txt;1;3;1897-01-25
L'Italia;carrier;ORG;sn85066408_1897-01-26_ed-1_seq-1_ocr.txt;1;137;1897-01-26
L'Italia;casa reale;ORG;sn85066408_1914-01-01_ed-1_seq-1_ocr.txt;1;980;1914-01-01
L'Italia;castro;PER;sn85066408_1903-01-02_ed-1_seq-1_ocr.txt;2;341;1903-01-02
L'Italia;castro roma;PER;sn85066408_1903-01-02_ed-1_seq-1_ocr.txt;1;350;1903-01-02
L'Italia;cattarol verino tuiaiii;ORG;sn85066408_1897-01-25_ed-1_seq-1_ocr.txt;1;28;1897-01-25
L'Italia;cattedra sau pietro;ORG;sn85066408_1915-01-01_ed-1_seq-1_ocr.txt;1;1131;1915-01-01
L'Italia;caucaso;LOC;sn85066408_1904-01-02_ed-1_seq-1_ocr.txt;1;773;1904-01-02
L'Italia;cenare maocari;ORG;sn85066408_1914-01-01_ed-1_seq-1_ocr.txt;1;950;1914-01-01
L'Italia;centra costa;ORG;sn85066408_1903-01-02_ed-1_seq-1_ocr.txt;1;566;1903-01-02
L'Italia;centro america;GPE;sn85066408_1904-01-02_ed-1_seq-1_ocr.txt;1;687;1904-01-02
L'Italia;centro mezzogiorno;ORG;sn85066408_1897-01-26_ed-1_seq-1_ocr.txt;1;207;1897-01-26
L'Italia;champagne;GPE;sn85066408_1915-01-01_ed-1_seq-1_ocr.txt;1;1012;1915-01-01
L'Italia;chinese per tassassimo;ORG;sn85066408_1897-01-25_ed-1_seq-1_ocr.txt;1;78;1897-01-25
L'Italia;cìermania;ORG;sn85066408_1915-01-01_ed-1_seq-1_ocr.txt;1;1119;1915-01-01
L'Italia;cincinnati;ORG;sn85066408_1897-01-25_ed-1_seq-1_ocr.txt;1;106;1897-01-25
L'Italia;clansidlo;ORG;sn85066408_1904-01-02_ed-1_seq-1_ocr.txt;1;778;1904-01-02
L'Italia;co mam and sutter;ORG;sn85066408_1904-01-02_ed-1_seq-1_ocr.txt;1;699;1904-01-02
L'Italia;coast almauia;ORG;sn85066408_1903-01-02_ed-1_seq-1_ocr.txt;1;289;1903-01-02
L'Italia;codice civile;ORG;sn85066408_1903-01-02_ed-1_seq-1_ocr.txt;1;421;1903-01-02
L'Italia;colombia;ORG;sn85066408_1904-01-02_ed-1_seq-1_ocr.txt;2;683;1904-01-02
L'Italia;colombia stati coiti;ORG;sn85066408_1904-01-02_ed-1_seq-1_ocr.txt;1;687;1904-01-02
L'Italia;colombia stati culti;ORG;sn85066408_1904-01-02_ed-1_seq-1_ocr.txt;1;685;1904-01-02
L'Italia;colonia;GPE;sn85066408_1897-01-26_ed-1_seq-1_ocr.txt;1;230;1897-01-26
L'Italia;colonia;GPE;sn85066408_1903-01-02_ed-1_seq-1_ocr.txt;1;475;1903-01-02
L'Italia;columbus avenue;LOC;sn85066408_1915-01-01_ed-1_seq-1_ocr.txt;1;1002;1915-01-01
L'Italia;come veggo;ORG;sn85066408_1915-01-01_ed-1_seq-1_ocr.txt;1;1167;1915-01-01
L'Italia;comitato de;ORG;sn85066408_1915-01-01_ed-1_seq-1_ocr.txt;1;1053;1915-01-01
L'Italia;commissione reale;ORG;sn85066408_1914-01-01_ed-1_seq-1_ocr.txt;1;947;1914-01-01
L'Italia;company almagia;ORG;sn85066408_1897-01-26_ed-1_seq-1_ocr.txt;1;142;1897-01-26
L'Italia;con sorzio del corto genova;ORG;sn85066408_1915-01-01_ed-1_seq-1_ocr.txt;1;1244;1915-01-01
L'Italia;conferenza del prof;ORG;sn85066408_1897-01-26_ed-1_seq-1_ocr.txt;1;251;1897-01-26
L'Italia;conferenza dell aja;ORG;sn85066408_1903-01-02_ed-1_seq-1_ocr.txt;1;395;1903-01-02
L'Italia;conferenza dell ala;ORG;sn85066408_1915-01-01_ed-1_seq-1_ocr.txt;1;1051;1915-01-01
L'Italia;consiglio;ORG;sn85066408_1904-01-02_ed-1_seq-1_ocr.txt;1;651;1904-01-02
L'Italia;consiglio;ORG;sn85066408_1914-01-01_ed-1_seq-1_ocr.txt;1;965;1914-01-01
L'Italia;consiglio del ministero degli esteri russia;ORG;sn85066408_1903-01-02_ed-1_seq-1_ocr.txt;1;395;1903-01-02
L'Italia;consiglio tupe riore sanità;ORG;sn85066408_1897-01-25_ed-1_seq-1_ocr.txt;1;86;1897-01-25
L'Italia;continua;ORG;sn85066408_1897-01-26_ed-1_seq-1_ocr.txt;1;200;1897-01-26
L'Italia;convenzione dell aja;ORG;sn85066408_1915-01-01_ed-1_seq-1_ocr.txt;2;1040;1915-01-01
L'Italia;convenzione idl aji;ORG;sn85066408_1915-01-01_ed-1_seq-1_ocr.txt;1;1050;1915-01-01
L'Italia;convenzione nazionale;ORG;sn85066408_1904-01-02_ed-1_seq-1_ocr.txt;1;684;1904-01-02
L'Italia;corazzata sardegna;ORG;sn85066408_1897-01-26_ed-1_seq-1_ocr.txt;1;247;1897-01-26
L'Italia;corde cotone manila ami;ORG;sn85066408_1897-01-25_ed-1_seq-1_ocr.txt;1;126;1897-01-25
L'Italia;corde cotone manila ami;ORG;sn85066408_1897-01-26_ed-1_seq-1_ocr.txt;1;181;1897-01-26
L'Italia;corrispondenza;GPE;sn85066408_1897-01-26_ed-1_seq-1_ocr.txt;1;253;1897-01-26
L'Italia;corte menelik;ORG;sn85066408_1897-01-25_ed-1_seq-1_ocr.txt;1;122;1897-01-25
L'Italia;corte permanente d arbitra;ORG;sn85066408_1903-01-02_ed-1_seq-1_ocr.txt;1;396;1903-01-02
L'Italia;costa pacifici;ORG;sn85066408_1903-01-02_ed-1_seq-1_ocr.txt;1;531;1903-01-02
L'Italia;cricca dorata;ORG;sn85066408_1897-01-25_ed-1_seq-1_ocr.txt;1;120;1897-01-25
L'Italia;crispi;ORG;sn85066408_1897-01-26_ed-1_seq-1_ocr.txt;1;237;1897-01-26
L'Italia;cro ker;ORG;sn85066408_1903-01-02_ed-1_seq-1_ocr.txt;1;519;1903-01-02
L'Italia;daily newspaoer merico;ORG;sn85066408_1903-01-02_ed-1_seq-1_ocr.txt;1;289;1903-01-02
L'Italia;daionalitft;ORG;sn85066408_1903-01-02_ed-1_seq-1_ocr.txt;1;431;1903-01-02
L'Italia;dal trentino;GPE;sn85066408_1915-01-01_ed-1_seq-1_ocr.txt;1;1197;1915-01-01
L'Italia;david calandra sartorio;PER;sn85066408_1914-01-01_ed-1_seq-1_ocr.txt;1;991;1914-01-01
L'Italia;de viri b;ORG;sn85066408_1915-01-01_ed-1_seq-1_ocr.txt;1;1006;1915-01-01
L'Italia;dell ver rio;ORG;sn85066408_1903-01-02_ed-1_seq-1_ocr.txt;1;361;1903-01-02
L'Italia;della;PER;sn85066408_1897-01-25_ed-1_seq-1_ocr.txt;1;75;1897-01-25
L'Italia;deputati;PER;sn85066408_1897-01-26_ed-1_seq-1_ocr.txt;1;203;1897-01-26
L'Italia;di j;ORG;sn85066408_1903-01-02_ed-1_seq-1_ocr.txt;1;308;1903-01-02
L'Italia;die circolar;ORG;sn85066408_1915-01-01_ed-1_seq-1_ocr.txt;1;1152;1915-01-01
L'Italia;dina d italia;ORG;sn85066408_1897-01-25_ed-1_seq-1_ocr.txt;1;67;1897-01-25
L'Italia;dio;PER;sn85066408_1915-01-01_ed-1_seq-1_ocr.txt;1;1072;1915-01-01
L'Italia;dividendo no;ORG;sn85066408_1903-01-02_ed-1_seq-1_ocr.txt;1;503;1903-01-02
L'Italia;dknvkr;ORG;sn85066408_1903-01-02_ed-1_seq-1_ocr.txt;1;359;1903-01-02
L'Italia;dodici;PER;sn85066408_1904-01-02_ed-1_seq-1_ocr.txt;1;635;1904-01-02
L'Italia;dolalo;ORG;sn85066408_1915-01-01_ed-1_seq-1_ocr.txt;1;1263;1915-01-01
L'Italia;domenica spago per sciabiche;ORG;sn85066408_1897-01-26_ed-1_seq-1_ocr.txt;1;181;1897-01-26
L'Italia;domenicfc alvifgeosso;ORG;sn85066408_1897-01-26_ed-1_seq-1_ocr.txt;1;215;1897-01-26
L'Italia;domenico;PER;sn85066408_1904-01-02_ed-1_seq-1_ocr.txt;1;749;1904-01-02
L'Italia;domenico;PER;sn85066408_1915-01-01_ed-1_seq-1_ocr.txt;1;1238;1915-01-01
L'Italia;domi tato;ORG;sn85066408_1904-01-02_ed-1_seq-1_ocr.txt;1;643;1904-01-02
L'Italia;dominichini powell;PER;sn85066408_1897-01-26_ed-1_seq-1_ocr.txt;1;175;1897-01-26
L'Italia;doni;PER;sn85066408_1915-01-01_ed-1_seq-1_ocr.txt;1;1157;1915-01-01
L'Italia;donna commissione parlamentare;ORG;sn85066408_1914-01-01_ed-1_seq-1_ocr.txt;1;970;1914-01-01
L'Italia;dott;ORG;sn85066408_1897-01-26_ed-1_seq-1_ocr.txt;1;208;1897-01-26
L'Italia;dr;PER;sn85066408_1897-01-26_ed-1_seq-1_ocr.txt;2;180;1897-01-26
L'Italia;duca clarence;ORG;sn85066408_1897-01-25_ed-1_seq-1_ocr.txt;1;77;1897-01-25
L'Italia;duca d'aosta;PER;sn85066408_1897-01-25_ed-1_seq-1_ocr.txt;2;68;1897-01-25
L'Italia;duca filippo;PER;sn85066408_1897-01-26_ed-1_seq-1_ocr.txt;1;165;1897-01-26
L'Italia;duchessa d aosta;ORG;sn85066408_1897-01-25_ed-1_seq-1_ocr.txt;1;73;1897-01-25
L'Italia;duchi d aosta;ORG;sn85066408_1897-01-25_ed-1_seq-1_ocr.txt;1;65;1897-01-25
L'Italia;ducnessa;ORG;sn85066408_1897-01-25_ed-1_seq-1_ocr.txt;1;74;1897-01-25
L'Italia;duk tirnovo;ORG;sn85066408_1904-01-02_ed-1_seq-1_ocr.txt;1;744;1904-01-02
L'Italia;e sbarberò;ORG;sn85066408_1903-01-02_ed-1_seq-1_ocr.txt;1;520;1903-01-02
L'Italia;ea duchessa d aosta;ORG;sn85066408_1897-01-25_ed-1_seq-1_ocr.txt;1;77;1897-01-25
L'Italia;editori publisher;ORG;sn85066408_1903-01-02_ed-1_seq-1_ocr.txt;1;289;1903-01-02
L'Italia;editors;ORG;sn85066408_1897-01-25_ed-1_seq-1_ocr.txt;1;8;1897-01-25
L'Italia;egitto;GPE;sn85066408_1914-01-01_ed-1_seq-1_ocr.txt;1;894;1914-01-01
L'Italia;elena orleans;PER;sn85066408_1897-01-25_ed-1_seq-1_ocr.txt;1;68;1897-01-25
L'Italia;eletta del montenegro;ORG;sn85066408_1897-01-25_ed-1_seq-1_ocr.txt;1;73;1897-01-25
L'Italia;eni press ireland;ORG;sn85066408_1915-01-01_ed-1_seq-1_ocr.txt;1;1122;1915-01-01
L'Italia;enrico buis;PER;sn85066408_1897-01-25_ed-1_seq-1_ocr.txt;1;109;1897-01-25
L'Italia;enrico millo;PER;sn85066408_1914-01-01_ed-1_seq-1_ocr.txt;1;982;1914-01-01
L'Italia;ente reti;ORG;sn85066408_1903-01-02_ed-1_seq-1_ocr.txt;1;290;1903-01-02
L'Italia;ernesto basile;PER;sn85066408_1914-01-01_ed-1_seq-1_ocr.txt;1;908;1914-01-01
L'Italia;ernesto basilo;PER;sn85066408_1914-01-01_ed-1_seq-1_ocr.txt;1;924;1914-01-01
L'Italia;san francisco;GPE;sn85066408_1903-01-02_ed-1_seq-1_ocr.txt;1;471;1903-01-02
L'Italia;ettore patrizi editore;ORG;sn85066408_1914-01-01_ed-1_seq-1_ocr.txt;1;858;1914-01-01
L'Italia;ettore patrizi editore;ORG;sn85066408_1915-01-01_ed-1_seq-1_ocr.txt;1;1002;1915-01-01
L'Italia;ettore tito;PER;sn85066408_1914-01-01_ed-1_seq-1_ocr.txt;1;950;1914-01-01
L'Italia;europa;GPE;sn85066408_1897-01-25_ed-1_seq-1_ocr.txt;2;75;1897-01-25
L'Italia;europa;GPE;sn85066408_1915-01-01_ed-1_seq-1_ocr.txt;2;1067;1915-01-01
L'Italia;evans;PER;sn85066408_1903-01-02_ed-1_seq-1_ocr.txt;1;330;1903-01-02
L'Italia;facoltà medici bordeaux;ORG;sn85066408_1897-01-26_ed-1_seq-1_ocr.txt;1;225;1897-01-26
L'Italia;fanteria;ORG;sn85066408_1914-01-01_ed-1_seq-1_ocr.txt;1;977;1914-01-01
L'Italia;ferrerò cambiano;ORG;sn85066408_1915-01-01_ed-1_seq-1_ocr.txt;1;1233;1915-01-01
L'Italia;fery d ksdands cle;ORG;sn85066408_1903-01-02_ed-1_seq-1_ocr.txt;1;439;1903-01-02
L'Italia;filadelfia;GPE;sn85066408_1904-01-02_ed-1_seq-1_ocr.txt;1;663;1904-01-02
L'Italia;fischer;PER;sn85066408_1903-01-02_ed-1_seq-1_ocr.txt;1;398;1903-01-02
L'Italia;fola;GPE;sn85066408_1915-01-01_ed-1_seq-1_ocr.txt;1;1005;1915-01-01
L'Italia;fontana;ORG;sn85066408_1903-01-02_ed-1_seq-1_ocr.txt;1;521;1903-01-02
L'Italia;fontanari;ORG;sn85066408_1897-01-25_ed-1_seq-1_ocr.txt;1;112;1897-01-25
L'Italia;fontanari;PER;sn85066408_1897-01-25_ed-1_seq-1_ocr.txt;1;109;1897-01-25
L'Italia;foreign countries;ORG;sn85066408_1897-01-26_ed-1_seq-1_ocr.txt;1;140;1897-01-26
L'Italia;francesco crlspi;PER;sn85066408_1914-01-01_ed-1_seq-1_ocr.txt;1;909;1914-01-01
L'Italia;francesco peretli;PER;sn85066408_1897-01-26_ed-1_seq-1_ocr.txt;1;199;1897-01-26
L'Italia;francia;GPE;sn85066408_1897-01-25_ed-1_seq-1_ocr.txt;1;118;1897-01-25
L'Italia;francia;GPE;sn85066408_1903-01-02_ed-1_seq-1_ocr.txt;2;311;1903-01-02
L'Italia;francia;GPE;sn85066408_1914-01-01_ed-1_seq-1_ocr.txt;1;884;1914-01-01
L'Italia;francia;GPE;sn85066408_1915-01-01_ed-1_seq-1_ocr.txt;3;1039;1915-01-01
L'Italia;funerali dft generale ronzio;ORG;sn85066408_1914-01-01_ed-1_seq-1_ocr.txt;1;980;1914-01-01
L'Italia;gaetano;PER;sn85066408_1903-01-02_ed-1_seq-1_ocr.txt;1;367;1903-01-02
L'Italia;galeoto eri avk;ORG;sn85066408_1897-01-25_ed-1_seq-1_ocr.txt;1;63;1897-01-25
L'Italia;garibaldi;PER;sn85066408_1903-01-02_ed-1_seq-1_ocr.txt;1;527;1903-01-02
L'Italia;gazzetta nezia;ORG;sn85066408_1897-01-26_ed-1_seq-1_ocr.txt;1;197;1897-01-26
L'Italia;generale brusiti;ORG;sn85066408_1914-01-01_ed-1_seq-1_ocr.txt;1;983;1914-01-01
L'Italia;generale dell inghil terra;ORG;sn85066408_1915-01-01_ed-1_seq-1_ocr.txt;1;1133;1915-01-01
L'Italia;generale itolierto urusatl;ORG;sn85066408_1915-01-01_ed-1_seq-1_ocr.txt;1;1245;1915-01-01
L'Italia;generale pau;ORG;sn85066408_1915-01-01_ed-1_seq-1_ocr.txt;2;1013;1915-01-01
L'Italia;generale pelilo;PER;sn85066408_1914-01-01_ed-1_seq-1_ocr.txt;1;986;1914-01-01
L'Italia;generalo senatore ponilo valgila;ORG;sn85066408_1914-01-01_ed-1_seq-1_ocr.txt;1;980;1914-01-01
L'Italia;genova new;GPE;sn85066408_1903-01-02_ed-1_seq-1_ocr.txt;1;469;1903-01-02
L'Italia;geo;GPE;sn85066408_1897-01-26_ed-1_seq-1_ocr.txt;1;255;1897-01-26
L'Italia;george muffati;PER;sn85066408_1904-01-02_ed-1_seq-1_ocr.txt;1;689;1904-01-02
L'Italia;germania;GPE;sn85066408_1897-01-26_ed-1_seq-1_ocr.txt;1;247;1897-01-26
L'Italia;germania;GPE;sn85066408_1914-01-01_ed-1_seq-1_ocr.txt;1;886;1914-01-01
L'Italia;germania;GPE;sn85066408_1915-01-01_ed-1_seq-1_ocr.txt;2;1032;1915-01-01
L'Italia;giani;ORG;sn85066408_1903-01-02_ed-1_seq-1_ocr.txt;1;533;1903-01-02
L'Italia;giappone;GPE;sn85066408_1914-01-01_ed-1_seq-1_ocr.txt;1;875;1914-01-01
L'Italia;gibilterra;ORG;sn85066408_1903-01-02_ed-1_seq-1_ocr.txt;1;303;1903-01-02
L'Italia;gio venale;ORG;sn85066408_1914-01-01_ed-1_seq-1_ocr.txt;1;949;1914-01-01
L'Italia;gioconda leonardo;ORG;sn85066408_1914-01-01_ed-1_seq-1_ocr.txt;1;885;1914-01-01
L'Italia;giolitu;ORG;sn85066408_1914-01-01_ed-1_seq-1_ocr.txt;1;899;1914-01-01
L'Italia;giorgio grecia;PER;sn85066408_1914-01-01_ed-1_seq-1_ocr.txt;1;903;1914-01-01
L'Italia;giulio ivi;PER;sn85066408_1915-01-01_ed-1_seq-1_ocr.txt;1;1230;1915-01-01
L'Italia;giunta;ORG;sn85066408_1914-01-01_ed-1_seq-1_ocr.txt;1;944;1914-01-01
L'Italia;giuseppe;PER;sn85066408_1915-01-01_ed-1_seq-1_ocr.txt;1;1238;1915-01-01
L'Italia;giuseppe cuneo;PER;sn85066408_1903-01-02_ed-1_seq-1_ocr.txt;1;360;1903-01-02
L'Italia;giuseppe tniiail;PER;sn85066408_1915-01-01_ed-1_seq-1_ocr.txt;1;1240;1915-01-01
L'Italia;go ooverno;ORG;sn85066408_1915-01-01_ed-1_seq-1_ocr.txt;1;1264;1915-01-01
L'Italia;governo;PER;sn85066408_1915-01-01_ed-1_seq-1_ocr.txt;1;1256;1915-01-01
L'Italia;governo tasse;ORG;sn85066408_1915-01-01_ed-1_seq-1_ocr.txt;1;1272;1915-01-01
L'Italia;guerra inghilterra londra;GPE;sn85066408_1915-01-01_ed-1_seq-1_ocr.txt;1;1253;1915-01-01
L'Italia;guglielmo;PER;sn85066408_1897-01-26_ed-1_seq-1_ocr.txt;1;247;1897-01-26
L'Italia;guglielmo marconi;PER;sn85066408_1903-01-02_ed-1_seq-1_ocr.txt;1;389;1903-01-02
L'Italia;guglielmo marconi;PER;sn85066408_1915-01-01_ed-1_seq-1_ocr.txt;1;1179;1915-01-01
L'Italia;h lami nio;ORG;sn85066408_1904-01-02_ed-1_seq-1_ocr.txt;1;739;1904-01-02
L'Italia;haikai;ORG;sn85066408_1904-01-02_ed-1_seq-1_ocr.txt;1;724;1904-01-02
L'Italia;haliti;ORG;sn85066408_1903-01-02_ed-1_seq-1_ocr.txt;1;464;1903-01-02
L'Italia;halli;ORG;sn85066408_1903-01-02_ed-1_seq-1_ocr.txt;1;563;1903-01-02
L'Italia;havana;ORG;sn85066408_1897-01-25_ed-1_seq-1_ocr.txt;1;50;1897-01-25
L'Italia;hay;ORG;sn85066408_1903-01-02_ed-1_seq-1_ocr.txt;1;340;1903-01-02
L'Italia;henry doyle co;ORG;sn85066408_1897-01-25_ed-1_seq-1_ocr.txt;1;127;1897-01-25
L'Italia;henry doyle co;PER;sn85066408_1897-01-26_ed-1_seq-1_ocr.txt;1;181;1897-01-26
L'Italia;hgnac;ORG;sn85066408_1903-01-02_ed-1_seq-1_ocr.txt;1;461;1903-01-02
L'Italia;hiini;ORG;sn85066408_1903-01-02_ed-1_seq-1_ocr.txt;1;518;1903-01-02
L'Italia;hlle;ORG;sn85066408_1904-01-02_ed-1_seq-1_ocr.txt;1;827;1904-01-02
L'Italia;hnarsky;ORG;sn85066408_1904-01-02_ed-1_seq-1_ocr.txt;1;832;1904-01-02
L'Italia;hti ss;ORG;sn85066408_1904-01-02_ed-1_seq-1_ocr.txt;1;810;1904-01-02
L'Italia;huenos ayres;ORG;sn85066408_1897-01-26_ed-1_seq-1_ocr.txt;1;271;1897-01-26
L'Italia;idi s;ORG;sn85066408_1904-01-02_ed-1_seq-1_ocr.txt;1;593;1904-01-02
L'Italia;iella camera;ORG;sn85066408_1914-01-01_ed-1_seq-1_ocr.txt;1;944;1914-01-01
L'Italia;igni rollarli nel ari;ORG;sn85066408_1904-01-02_ed-1_seq-1_ocr.txt;1;720;1904-01-02
L'Italia;ih panama;ORG;sn85066408_1915-01-01_ed-1_seq-1_ocr.txt;1;1092;1915-01-01
L'Italia;iiertonf esperi;ORG;sn85066408_1903-01-02_ed-1_seq-1_ocr.txt;1;517;1903-01-02
L'Italia;ikrt kokhi;GPE;sn85066408_1904-01-02_ed-1_seq-1_ocr.txt;1;694;1904-01-02
L'Italia;il stato cav;ORG;sn85066408_1915-01-01_ed-1_seq-1_ocr.txt;1;1223;1915-01-01
L'Italia;ile tza;ORG;sn85066408_1904-01-02_ed-1_seq-1_ocr.txt;1;651;1904-01-02
L'Italia;ilei gallo itoeeugtovane;ORG;sn85066408_1915-01-01_ed-1_seq-1_ocr.txt;1;1246;1915-01-01
L'Italia;ilici di;ORG;sn85066408_1904-01-02_ed-1_seq-1_ocr.txt;1;854;1904-01-02
L'Italia;ilio;ORG;sn85066408_1915-01-01_ed-1_seq-1_ocr.txt;1;1238;1915-01-01
L'Italia;ilo it;ORG;sn85066408_1904-01-02_ed-1_seq-1_ocr.txt;1;849;1904-01-02
L'Italia;iloiilamlin;ORG;sn85066408_1915-01-01_ed-1_seq-1_ocr.txt;1;1240;1915-01-01
L'Italia;ilurida;ORG;sn85066408_1903-01-02_ed-1_seq-1_ocr.txt;1;549;1903-01-02
L'Italia;imjkto austro;ORG;sn85066408_1914-01-01_ed-1_seq-1_ocr.txt;1;889;1914-01-01
L'Italia;iml riir;ORG;sn85066408_1904-01-02_ed-1_seq-1_ocr.txt;1;741;1904-01-02
L'Italia;imperatore guglielmo violenti tumulti keiehstag;ORG;sn85066408_1914-01-01_ed-1_seq-1_ocr.txt;1;886;1914-01-01
L'Italia;impki diretto;ORG;sn85066408_1904-01-02_ed-1_seq-1_ocr.txt;1;831;1904-01-02
L'Italia;imponiti;ORG;sn85066408_1903-01-02_ed-1_seq-1_ocr.txt;1;495;1903-01-02
L'Italia;inaugurata kuropa;ORG;sn85066408_1904-01-02_ed-1_seq-1_ocr.txt;1;726;1904-01-02
L'Italia;indie;ORG;sn85066408_1897-01-25_ed-1_seq-1_ocr.txt;3;83;1897-01-25
L'Italia;ineonilm iati;ORG;sn85066408_1904-01-02_ed-1_seq-1_ocr.txt;1;824;1904-01-02
L'Italia;infuriata;ORG;sn85066408_1915-01-01_ed-1_seq-1_ocr.txt;1;1139;1915-01-01
L'Italia;inghilterra;GPE;sn85066408_1914-01-01_ed-1_seq-1_ocr.txt;1;887;1914-01-01
L'Italia;inghilterra;GPE;sn85066408_1915-01-01_ed-1_seq-1_ocr.txt;1;1273;1915-01-01
L'Italia;ininterrotta;ORG;sn85066408_1904-01-02_ed-1_seq-1_ocr.txt;1;803;1904-01-02
L'Italia;inno xxix new york;ORG;sn85066408_1915-01-01_ed-1_seq-1_ocr.txt;1;999;1915-01-01
L'Italia;insigne ginrecoiimilto dell l nlvei sfttà fie;ORG;sn85066408_1915-01-01_ed-1_seq-1_ocr.txt;1;1194;1915-01-01
L'Italia;insigne statista glese job chamberlaln;ORG;sn85066408_1915-01-01_ed-1_seq-1_ocr.txt;1;1133;1915-01-01
L'Italia;intera sbarberò;ORG;sn85066408_1903-01-02_ed-1_seq-1_ocr.txt;1;518;1903-01-02
L'Italia;intesa;ORG;sn85066408_1915-01-01_ed-1_seq-1_ocr.txt;1;1172;1915-01-01
L'Italia;inulbdnio marroni;ORG;sn85066408_1915-01-01_ed-1_seq-1_ocr.txt;1;1183;1915-01-01
L'Italia;invenzioni uhm;ORG;sn85066408_1903-01-02_ed-1_seq-1_ocr.txt;1;408;1903-01-02
L'Italia;inverno ita hallo;ORG;sn85066408_1903-01-02_ed-1_seq-1_ocr.txt;1;550;1903-01-02
L'Italia;inviami;ORG;sn85066408_1903-01-02_ed-1_seq-1_ocr.txt;1;564;1903-01-02
L'Italia;iole itene;ORG;sn85066408_1904-01-02_ed-1_seq-1_ocr.txt;1;819;1904-01-02
L'Italia;irige mie ia;ORG;sn85066408_1904-01-02_ed-1_seq-1_ocr.txt;1;832;1904-01-02
L'Italia;issi;ORG;sn85066408_1904-01-02_ed-1_seq-1_ocr.txt;1;827;1904-01-02
L'Italia;isso is;ORG;sn85066408_1897-01-25_ed-1_seq-1_ocr.txt;1;4;1897-01-25
L'Italia;issucd evcry dav;ORG;sn85066408_1915-01-01_ed-1_seq-1_ocr.txt;1;1229;1915-01-01
L'Italia;istituzione coloniale;ORG;sn85066408_1903-01-02_ed-1_seq-1_ocr.txt;1;473;1903-01-02
L'Italia;itali pili ora;ORG;sn85066408_1904-01-02_ed-1_seq-1_ocr.txt;1;724;1904-01-02
L'Italia;italia;GPE;sn85066408_1897-01-26_ed-1_seq-1_ocr.txt;1;207;1897-01-26
L'Italia;italia;GPE;sn85066408_1903-01-02_ed-1_seq-1_ocr.txt;3;312;1903-01-02
L'Italia;italia;GPE;sn85066408_1904-01-02_ed-1_seq-1_ocr.txt;4;727;1904-01-02
L'Italia;italia;GPE;sn85066408_1915-01-01_ed-1_seq-1_ocr.txt;10;1059;1915-01-01
L'Italia;italia;GPE;sn85066408_1897-01-26_ed-1_seq-1_ocr.txt;1;254;1897-01-26
L'Italia;italia;GPE;sn85066408_1903-01-02_ed-1_seq-1_ocr.txt;2;383;1903-01-02
L'Italia;italia;GPE;sn85066408_1904-01-02_ed-1_seq-1_ocr.txt;1;661;1904-01-02
L'Italia;italia;GPE;sn85066408_1915-01-01_ed-1_seq-1_ocr.txt;2;1179;1915-01-01
L'Italia;italia prcss co;ORG;sn85066408_1914-01-01_ed-1_seq-1_ocr.txt;1;856;1914-01-01
L'Italia;italia press co;ORG;sn85066408_1915-01-01_ed-1_seq-1_ocr.txt;1;1000;1915-01-01
L'Italia;italia rumcnia;ORG;sn85066408_1915-01-01_ed-1_seq-1_ocr.txt;1;1173;1915-01-01
L'Italia;italia;GPE;sn85066408_1914-01-01_ed-1_seq-1_ocr.txt;1;870;1914-01-01
L'Italia;iterali ita italia francia;ORG;sn85066408_1903-01-02_ed-1_seq-1_ocr.txt;1;462;1903-01-02
L'Italia;iterare l alsa;ORG;sn85066408_1915-01-01_ed-1_seq-1_ocr.txt;1;1066;1915-01-01
L'Italia;iterila dott;ORG;sn85066408_1897-01-26_ed-1_seq-1_ocr.txt;1;217;1897-01-26
L'Italia;iuiiko clr;ORG;sn85066408_1904-01-02_ed-1_seq-1_ocr.txt;1;802;1904-01-02
L'Italia;ivhln oan;ORG;sn85066408_1904-01-02_ed-1_seq-1_ocr.txt;1;766;1904-01-02
L'Italia;ivi ita;ORG;sn85066408_1904-01-02_ed-1_seq-1_ocr.txt;1;737;1904-01-02
L'Italia;j totai;ORG;sn85066408_1903-01-02_ed-1_seq-1_ocr.txt;1;510;1903-01-02
L'Italia;jan insidie;PER;sn85066408_1904-01-02_ed-1_seq-1_ocr.txt;1;841;1904-01-02
L'Italia;jbf;ORG;sn85066408_1897-01-25_ed-1_seq-1_ocr.txt;1;63;1897-01-25
L'Italia;jj;ORG;sn85066408_1897-01-25_ed-1_seq-1_ocr.txt;1;63;1897-01-25
L'Italia;k attivo;ORG;sn85066408_1903-01-02_ed-1_seq-1_ocr.txt;1;511;1903-01-02
L'Italia;k li;ORG;sn85066408_1903-01-02_ed-1_seq-1_ocr.txt;1;508;1903-01-02
L'Italia;k tir mml;ORG;sn85066408_1904-01-02_ed-1_seq-1_ocr.txt;1;793;1904-01-02
L'Italia;ka vrisr;ORG;sn85066408_1897-01-25_ed-1_seq-1_ocr.txt;1;11;1897-01-25
L'Italia;kabius;GPE;sn85066408_1897-01-26_ed-1_seq-1_ocr.txt;1;209;1897-01-26
L'Italia;kaiser;PER;sn85066408_1915-01-01_ed-1_seq-1_ocr.txt;1;1077;1915-01-01
L'Italia;kbln;ORG;sn85066408_1904-01-02_ed-1_seq-1_ocr.txt;1;841;1904-01-02
L'Italia;kd ijaij;ORG;sn85066408_1897-01-25_ed-1_seq-1_ocr.txt;1;4;1897-01-25
L'Italia;kditorihl and bunine offices;ORG;sn85066408_1897-01-25_ed-1_seq-1_ocr.txt;1;10;1897-01-25
L'Italia;killing;PER;sn85066408_1897-01-25_ed-1_seq-1_ocr.txt;1;44;1897-01-25
L'Italia;knii;ORG;sn85066408_1897-01-25_ed-1_seq-1_ocr.txt;1;10;1897-01-25
L'Italia;koose;PER;sn85066408_1904-01-02_ed-1_seq-1_ocr.txt;1;661;1904-01-02
L'Italia;ksni;ORG;sn85066408_1915-01-01_ed-1_seq-1_ocr.txt;1;1212;1915-01-01
L'Italia;ku;ORG;sn85066408_1903-01-02_ed-1_seq-1_ocr.txt;1;517;1903-01-02
L'Italia;kuropa;GPE;sn85066408_1904-01-02_ed-1_seq-1_ocr.txt;1;735;1904-01-02
L'Italia;kvimih;ORG;sn85066408_1915-01-01_ed-1_seq-1_ocr.txt;1;1140;1915-01-01
L'Italia;l amministrazione democratica wllson bryan;ORG;sn85066408_1915-01-01_ed-1_seq-1_ocr.txt;1;1141;1915-01-01
L'Italia;austria;GPE;sn85066408_1915-01-01_ed-1_seq-1_ocr.txt;1;1139;1915-01-01
L'Italia;l insigne elei torinesi prò ca;ORG;sn85066408_1903-01-02_ed-1_seq-1_ocr.txt;1;407;1903-01-02
L'Italia;italia;GPE;sn85066408_1903-01-02_ed-1_seq-1_ocr.txt;1;310;1903-01-02
L'Italia;italia;GPE;sn85066408_1897-01-25_ed-1_seq-1_ocr.txt;1;79;1897-01-25
L'Italia;italia;GPE;sn85066408_1897-01-26_ed-1_seq-1_ocr.txt;1;200;1897-01-26
L'Italia;italia;GPE;sn85066408_1903-01-02_ed-1_seq-1_ocr.txt;1;383;1903-01-02
L'Italia;l italia d;ORG;sn85066408_1897-01-26_ed-1_seq-1_ocr.txt;1;209;1897-01-26
L'Italia;l italia nello scompiglio marocchino;ORG;sn85066408_1903-01-02_ed-1_seq-1_ocr.txt;1;307;1903-01-02
L'Italia;l itau;ORG;sn85066408_1914-01-01_ed-1_seq-1_ocr.txt;1;969;1914-01-01
L'Italia;l ksposi iono ili pii;ORG;sn85066408_1915-01-01_ed-1_seq-1_ocr.txt;1;1092;1915-01-01
L'Italia;l sser ipiin vermi;ORG;sn85066408_1904-01-02_ed-1_seq-1_ocr.txt;1;751;1904-01-02
L'Italia;l uaua d;ORG;sn85066408_1897-01-25_ed-1_seq-1_ocr.txt;1;113;1897-01-25
L'Italia;landwehr;ORG;sn85066408_1915-01-01_ed-1_seq-1_ocr.txt;1;1047;1915-01-01
L'Italia;lango;ORG;sn85066408_1915-01-01_ed-1_seq-1_ocr.txt;1;1219;1915-01-01
L'Italia;lanini;ORG;sn85066408_1904-01-02_ed-1_seq-1_ocr.txt;1;801;1904-01-02
L'Italia;laurent;ORG;sn85066408_1903-01-02_ed-1_seq-1_ocr.txt;1;440;1903-01-02
L'Italia;lawrence;PER;sn85066408_1915-01-01_ed-1_seq-1_ocr.txt;1;1178;1915-01-01
L'Italia;lazzaro frizzi;PER;sn85066408_1915-01-01_ed-1_seq-1_ocr.txt;1;1249;1915-01-01
L'Italia;legge burnett senato dlspneelo;ORG;sn85066408_1915-01-01_ed-1_seq-1_ocr.txt;1;1174;1915-01-01
L'Italia;lenze;ORG;sn85066408_1897-01-25_ed-1_seq-1_ocr.txt;1;126;1897-01-25
L'Italia;lenze;ORG;sn85066408_1897-01-26_ed-1_seq-1_ocr.txt;1;181;1897-01-26
L'Italia;leonardo;PER;sn85066408_1914-01-01_ed-1_seq-1_ocr.txt;1;949;1914-01-01
L'Italia;leonardo itizzolali;PER;sn85066408_1904-01-02_ed-1_seq-1_ocr.txt;1;770;1904-01-02
L'Italia;leonardo perini aritmia;PER;sn85066408_1904-01-02_ed-1_seq-1_ocr.txt;1;799;1904-01-02
L'Italia;leone wolleinborg;PER;sn85066408_1915-01-01_ed-1_seq-1_ocr.txt;1;1242;1915-01-01
L'Italia;libia generale;ORG;sn85066408_1914-01-01_ed-1_seq-1_ocr.txt;1;974;1914-01-01
L'Italia;liguria;GPE;sn85066408_1897-01-26_ed-1_seq-1_ocr.txt;1;283;1897-01-26
L'Italia;lini;PER;sn85066408_1914-01-01_ed-1_seq-1_ocr.txt;1;868;1914-01-01
L'Italia;lino irlandese barbour;ORG;sn85066408_1897-01-25_ed-1_seq-1_ocr.txt;1;126;1897-01-25
L'Italia;lit frisi messicana;ORG;sn85066408_1915-01-01_ed-1_seq-1_ocr.txt;1;1106;1915-01-01
L'Italia;llody george;PER;sn85066408_1915-01-01_ed-1_seq-1_ocr.txt;1;1272;1915-01-01
L'Italia;lloyd george;PER;sn85066408_1915-01-01_ed-1_seq-1_ocr.txt;1;1269;1915-01-01
L'Italia;londra;GPE;sn85066408_1897-01-25_ed-1_seq-1_ocr.txt;3;15;1897-01-25
L'Italia;londra;GPE;sn85066408_1897-01-26_ed-1_seq-1_ocr.txt;1;150;1897-01-26
L'Italia;londra;GPE;sn85066408_1904-01-02_ed-1_seq-1_ocr.txt;1;666;1904-01-02
L'Italia;londra;GPE;sn85066408_1903-01-02_ed-1_seq-1_ocr.txt;1;338;1903-01-02
L'Italia;lord berts;ORG;sn85066408_1915-01-01_ed-1_seq-1_ocr.txt;1;1133;1915-01-01
L'Italia;lorenz;PER;sn85066408_1903-01-02_ed-1_seq-1_ocr.txt;1;404;1903-01-02
L'Italia;lotte;PER;sn85066408_1914-01-01_ed-1_seq-1_ocr.txt;1;902;1914-01-01
L'Italia;louis;GPE;sn85066408_1904-01-02_ed-1_seq-1_ocr.txt;1;671;1904-01-02
L'Italia;louvre parigi;ORG;sn85066408_1914-01-01_ed-1_seq-1_ocr.txt;1;885;1914-01-01
L'Italia;luigi;PER;sn85066408_1914-01-01_ed-1_seq-1_ocr.txt;1;897;1914-01-01
L'Italia;luigi venosta;PER;sn85066408_1915-01-01_ed-1_seq-1_ocr.txt;1;1252;1915-01-01
L'Italia;luvt vernative;ORG;sn85066408_1897-01-25_ed-1_seq-1_ocr.txt;1;89;1897-01-25
L'Italia;mac;ORG;sn85066408_1903-01-02_ed-1_seq-1_ocr.txt;1;327;1903-01-02
L'Italia;maddalena;PER;sn85066408_1904-01-02_ed-1_seq-1_ocr.txt;1;838;1904-01-02
L'Italia;maestro dei palazzi apostolici;ORG;sn85066408_1914-01-01_ed-1_seq-1_ocr.txt;1;919;1914-01-01
L'Italia;mai;ORG;sn85066408_1915-01-01_ed-1_seq-1_ocr.txt;1;1246;1915-01-01
L'Italia;mai obese costa calla;ORG;sn85066408_1915-01-01_ed-1_seq-1_ocr.txt;1;1247;1915-01-01
L'Italia;malgrado gonfiature del conespondonz bureau;ORG;sn85066408_1915-01-01_ed-1_seq-1_ocr.txt;1;1198;1915-01-01
L'Italia;mali ava;ORG;sn85066408_1904-01-02_ed-1_seq-1_ocr.txt;1;645;1904-01-02
L'Italia;maneiurla;ORG;sn85066408_1904-01-02_ed-1_seq-1_ocr.txt;1;816;1904-01-02
L'Italia;mannello;ORG;sn85066408_1904-01-02_ed-1_seq-1_ocr.txt;2;770;1904-01-02
L'Italia;march;ORG;sn85066408_1897-01-25_ed-1_seq-1_ocr.txt;1;3;1897-01-25
L'Italia;march s;ORG;sn85066408_1897-01-26_ed-1_seq-1_ocr.txt;1;140;1897-01-26
L'Italia;marchese doria;ORG;sn85066408_1897-01-26_ed-1_seq-1_ocr.txt;1;262;1897-01-26
L'Italia;marchese sconti venosta;ORG;sn85066408_1915-01-01_ed-1_seq-1_ocr.txt;1;1133;1915-01-01
L'Italia;mare adriatico;LOC;sn85066408_1915-01-01_ed-1_seq-1_ocr.txt;1;1005;1915-01-01
L'Italia;marina;PER;sn85066408_1915-01-01_ed-1_seq-1_ocr.txt;1;1135;1915-01-01
L'Italia;maria forpiane;PER;sn85066408_1897-01-25_ed-1_seq-1_ocr.txt;1;106;1897-01-25
L'Italia;marina;ORG;sn85066408_1914-01-01_ed-1_seq-1_ocr.txt;1;982;1914-01-01
L'Italia;mark;PER;sn85066408_1904-01-02_ed-1_seq-1_ocr.txt;1;702;1904-01-02
L'Italia;markbt stkrkt;ORG;sn85066408_1897-01-25_ed-1_seq-1_ocr.txt;1;128;1897-01-25
L'Italia;marocco;GPE;sn85066408_1903-01-02_ed-1_seq-1_ocr.txt;2;302;1903-01-02
L'Italia;marocco minacciosa;ORG;sn85066408_1903-01-02_ed-1_seq-1_ocr.txt;1;296;1903-01-02
L'Italia;marconi;PER;sn85066408_1915-01-01_ed-1_seq-1_ocr.txt;1;1184;1915-01-01
L'Italia;marta savoia;PER;sn85066408_1915-01-01_ed-1_seq-1_ocr.txt;1;1146;1915-01-01
L'Italia;martello;GPE;sn85066408_1903-01-02_ed-1_seq-1_ocr.txt;1;395;1903-01-02
L'Italia;martinez;PER;sn85066408_1903-01-02_ed-1_seq-1_ocr.txt;1;566;1903-01-02
L'Italia;matter;ORG;sn85066408_1903-01-02_ed-1_seq-1_ocr.txt;1;292;1903-01-02
L'Italia;mattino dal panama;GPE;sn85066408_1904-01-02_ed-1_seq-1_ocr.txt;1;705;1904-01-02
L'Italia;mediterraneo;GPE;sn85066408_1897-01-25_ed-1_seq-1_ocr.txt;1;83;1897-01-25
L'Italia;mediterraneo;LOC;sn85066408_1903-01-02_ed-1_seq-1_ocr.txt;1;301;1903-01-02
L'Italia;meinpli;ORG;sn85066408_1904-01-02_ed-1_seq-1_ocr.txt;1;827;1904-01-02
L'Italia;menelik;PER;sn85066408_1904-01-02_ed-1_seq-1_ocr.txt;1;678;1904-01-02
L'Italia;menelik;PER;sn85066408_1904-01-02_ed-1_seq-1_ocr.txt;1;679;1904-01-02
L'Italia;menelik esposizio st;GPE;sn85066408_1904-01-02_ed-1_seq-1_ocr.txt;1;670;1904-01-02
L'Italia;merignae klr;ORG;sn85066408_1903-01-02_ed-1_seq-1_ocr.txt;1;453;1903-01-02
L'Italia;merle;GPE;sn85066408_1903-01-02_ed-1_seq-1_ocr.txt;1;523;1903-01-02
L'Italia;messico;GPE;sn85066408_1897-01-26_ed-1_seq-1_ocr.txt;1;171;1897-01-26
L'Italia;metz strasburgo;ORG;sn85066408_1915-01-01_ed-1_seq-1_ocr.txt;1;1014;1915-01-01
L'Italia;mfi mtl riuianimn ntci;ORG;sn85066408_1904-01-02_ed-1_seq-1_ocr.txt;1;853;1904-01-02
L'Italia;michele michalovich;PER;sn85066408_1897-01-26_ed-1_seq-1_ocr.txt;1;152;1897-01-26
L'Italia;mìikmhìiì;ORG;sn85066408_1904-01-02_ed-1_seq-1_ocr.txt;1;848;1904-01-02
L'Italia;milano;GPE;sn85066408_1897-01-25_ed-1_seq-1_ocr.txt;1;87;1897-01-25
L'Italia;milano;GPE;sn85066408_1897-01-26_ed-1_seq-1_ocr.txt;1;202;1897-01-26
L'Italia;milano;GPE;sn85066408_1903-01-02_ed-1_seq-1_ocr.txt;1;409;1903-01-02
L'Italia;mime;ORG;sn85066408_1904-01-02_ed-1_seq-1_ocr.txt;1;827;1904-01-02
L'Italia;mimi i;PER;sn85066408_1904-01-02_ed-1_seq-1_ocr.txt;1;759;1904-01-02
L'Italia;ministri;ORG;sn85066408_1904-01-02_ed-1_seq-1_ocr.txt;1;831;1904-01-02
L'Italia;ministro;ORG;sn85066408_1897-01-26_ed-1_seq-1_ocr.txt;1;206;1897-01-26
L'Italia;ministro;ORG;sn85066408_1915-01-01_ed-1_seq-1_ocr.txt;1;1146;1915-01-01
L'Italia;ministero della guerra;ORG;sn85066408_1915-01-01_ed-1_seq-1_ocr.txt;1;1047;1915-01-01
L'Italia;ministero iella guerra britannico;ORG;sn85066408_1915-01-01_ed-1_seq-1_ocr.txt;1;1033;1915-01-01
L'Italia;ministri;PER;sn85066408_1914-01-01_ed-1_seq-1_ocr.txt;1;982;1914-01-01
L'Italia;ministro prinetti;PER;sn85066408_1903-01-02_ed-1_seq-1_ocr.txt;1;345;1903-01-02
L'Italia;mint ili del transbaikai;ORG;sn85066408_1904-01-02_ed-1_seq-1_ocr.txt;1;753;1904-01-02
L'Italia;mio per salmone lino irlandese barbour;ORG;sn85066408_1897-01-26_ed-1_seq-1_ocr.txt;1;178;1897-01-26
L'Italia;miri;ORG;sn85066408_1904-01-02_ed-1_seq-1_ocr.txt;1;618;1904-01-02
L'Italia;miseria;PER;sn85066408_1914-01-01_ed-1_seq-1_ocr.txt;1;867;1914-01-01
L'Italia;missione del principe pullow;ORG;sn85066408_1915-01-01_ed-1_seq-1_ocr.txt;1;1170;1915-01-01
L'Italia;molm;GPE;sn85066408_1903-01-02_ed-1_seq-1_ocr.txt;1;522;1903-01-02
L'Italia;molo;GPE;sn85066408_1903-01-02_ed-1_seq-1_ocr.txt;1;507;1903-01-02
L'Italia;momtlìomhry avtnue;GPE;sn85066408_1903-01-02_ed-1_seq-1_ocr.txt;1;542;1903-01-02
L'Italia;monavchia;ORG;sn85066408_1915-01-01_ed-1_seq-1_ocr.txt;1;1129;1915-01-01
L'Italia;mongolia des;ORG;sn85066408_1904-01-02_ed-1_seq-1_ocr.txt;1;814;1904-01-02
L'Italia;montevideo santiago val;GPE;sn85066408_1897-01-26_ed-1_seq-1_ocr.txt;1;266;1897-01-26
L'Italia;montgomery avenue;LOC;sn85066408_1903-01-02_ed-1_seq-1_ocr.txt;3;470;1903-01-02
L'Italia;monti;LOC;sn85066408_1903-01-02_ed-1_seq-1_ocr.txt;1;422;1903-01-02
L'Italia;morning caily news;ORG;sn85066408_1904-01-02_ed-1_seq-1_ocr.txt;1;704;1904-01-02
L'Italia;mossa mirili mrlo vassalli;ORG;sn85066408_1915-01-01_ed-1_seq-1_ocr.txt;1;1231;1915-01-01
L'Italia;movimento separatista ungherese tiondra;ORG;sn85066408_1915-01-01_ed-1_seq-1_ocr.txt;1;1149;1915-01-01
L'Italia;mutter;ORG;sn85066408_1897-01-25_ed-1_seq-1_ocr.txt;1;3;1897-01-25
L'Italia;mutuc torino;ORG;sn85066408_1903-01-02_ed-1_seq-1_ocr.txt;1;406;1903-01-02
L'Italia;napoli;GPE;sn85066408_1903-01-02_ed-1_seq-1_ocr.txt;1;468;1903-01-02
L'Italia;nassau sore westfalla turchia;ORG;sn85066408_1904-01-02_ed-1_seq-1_ocr.txt;1;751;1904-01-02
L'Italia;nausea;GPE;sn85066408_1897-01-26_ed-1_seq-1_ocr.txt;1;189;1897-01-26
L'Italia;nel golfo san;ORG;sn85066408_1915-01-01_ed-1_seq-1_ocr.txt;1;1121;1915-01-01
L'Italia;nel tribunali lavora imbastire processi;ORG;sn85066408_1915-01-01_ed-1_seq-1_ocr.txt;1;1215;1915-01-01
L'Italia;nelle uomngne;GPE;sn85066408_1915-01-01_ed-1_seq-1_ocr.txt;1;1129;1915-01-01
L'Italia;nerazz;ORG;sn85066408_1897-01-26_ed-1_seq-1_ocr.txt;1;231;1897-01-26
L'Italia;new york;GPE;sn85066408_1904-01-02_ed-1_seq-1_ocr.txt;1;662;1904-01-02
L'Italia;nicolò molelarof;PER;sn85066408_1904-01-02_ed-1_seq-1_ocr.txt;1;832;1904-01-02
L'Italia;nidi;ORG;sn85066408_1915-01-01_ed-1_seq-1_ocr.txt;1;1192;1915-01-01
L'Italia;nigeria;GPE;sn85066408_1915-01-01_ed-1_seq-1_ocr.txt;1;1045;1915-01-01
L'Italia;nino uomo;PER;sn85066408_1915-01-01_ed-1_seq-1_ocr.txt;1;1244;1915-01-01
L'Italia;nli vini;ORG;sn85066408_1897-01-25_ed-1_seq-1_ocr.txt;1;58;1897-01-25
L'Italia;nlsc perot;ORG;sn85066408_1904-01-02_ed-1_seq-1_ocr.txt;1;750;1904-01-02
L'Italia;no;ORG;sn85066408_1903-01-02_ed-1_seq-1_ocr.txt;2;333;1903-01-02
L'Italia;nostro ninnacelo l nrtlrolaff;ORG;sn85066408_1914-01-01_ed-1_seq-1_ocr.txt;1;918;1914-01-01
L'Italia;occasione rara;ORG;sn85066408_1903-01-02_ed-1_seq-1_ocr.txt;1;565;1903-01-02
L'Italia;ofüit seeond;ORG;sn85066408_1897-01-25_ed-1_seq-1_ocr.txt;1;3;1897-01-25
L'Italia;ohio;ORG;sn85066408_1897-01-25_ed-1_seq-1_ocr.txt;1;106;1897-01-25
L'Italia;one month;ORG;sn85066408_1897-01-26_ed-1_seq-1_ocr.txt;1;137;1897-01-26
L'Italia;one year woo sta months s city;ORG;sn85066408_1897-01-25_ed-1_seq-1_ocr.txt;1;2;1897-01-25
L'Italia;onora;ORG;sn85066408_1915-01-01_ed-1_seq-1_ocr.txt;1;1019;1915-01-01
L'Italia;onorificenze militari ii;ORG;sn85066408_1914-01-01_ed-1_seq-1_ocr.txt;1;973;1914-01-01
L'Italia;or;GPE;sn85066408_1903-01-02_ed-1_seq-1_ocr.txt;1;524;1903-01-02
L'Italia;ordine militare savolo;ORG;sn85066408_1914-01-01_ed-1_seq-1_ocr.txt;1;975;1914-01-01
L'Italia;orni impresario;ORG;sn85066408_1904-01-02_ed-1_seq-1_ocr.txt;1;833;1904-01-02
L'Italia;oro russo;GPE;sn85066408_1904-01-02_ed-1_seq-1_ocr.txt;1;706;1904-01-02
L'Italia;oscar;PER;sn85066408_1903-01-02_ed-1_seq-1_ocr.txt;1;387;1903-01-02
L'Italia;oscar;PER;sn85066408_1914-01-01_ed-1_seq-1_ocr.txt;1;901;1914-01-01
L'Italia;ottavio blin;PER;sn85066408_1897-01-26_ed-1_seq-1_ocr.txt;1;194;1897-01-26
L'Italia;ovest new;GPE;sn85066408_1914-01-01_ed-1_seq-1_ocr.txt;1;856;1914-01-01
L'Italia;pacific coa consolidated frtim la patrla and l;ORG;sn85066408_1897-01-26_ed-1_seq-1_ocr.txt;1;140;1897-01-26
L'Italia;pacifico;LOC;sn85066408_1897-01-25_ed-1_seq-1_ocr.txt;1;133;1897-01-25
L'Italia;pacifico;LOC;sn85066408_1903-01-02_ed-1_seq-1_ocr.txt;1;550;1903-01-02
L'Italia;paciflco incorporated post oftice secoiul dass matter;ORG;sn85066408_1897-01-26_ed-1_seq-1_ocr.txt;1;140;1897-01-26
L'Italia;paclflco incorporated;ORG;sn85066408_1897-01-25_ed-1_seq-1_ocr.txt;1;3;1897-01-25
L'Italia;pagina l;ORG;sn85066408_1897-01-25_ed-1_seq-1_ocr.txt;1;119;1897-01-25
L'Italia;pagina pubblico crollaci;ORG;sn85066408_1897-01-26_ed-1_seq-1_ocr.txt;1;213;1897-01-26
L'Italia;pagina ras maconnen;ORG;sn85066408_1897-01-25_ed-1_seq-1_ocr.txt;1;116;1897-01-25
L'Italia;paige piano co;ORG;sn85066408_1903-01-02_ed-1_seq-1_ocr.txt;1;324;1903-01-02
L'Italia;palermo roma;ORG;sn85066408_1914-01-01_ed-1_seq-1_ocr.txt;1;908;1914-01-01
L'Italia;pallici;PER;sn85066408_1903-01-02_ed-1_seq-1_ocr.txt;1;432;1903-01-02
L'Italia;panama;ORG;sn85066408_1904-01-02_ed-1_seq-1_ocr.txt;1;683;1904-01-02
L'Italia;paolo barati kaiser nuovamente malato im;PER;sn85066408_1915-01-01_ed-1_seq-1_ocr.txt;1;1077;1915-01-01
L'Italia;paolo cassagnac;PER;sn85066408_1903-01-02_ed-1_seq-1_ocr.txt;1;430;1903-01-02
L'Italia;paolo sabatier;PER;sn85066408_1915-01-01_ed-1_seq-1_ocr.txt;1;1059;1915-01-01
L'Italia;pontefice;PER;sn85066408_1915-01-01_ed-1_seq-1_ocr.txt;1;1130;1915-01-01
L'Italia;parigi;GPE;sn85066408_1897-01-25_ed-1_seq-1_ocr.txt;1;84;1897-01-25
L'Italia;parigi;GPE;sn85066408_1897-01-26_ed-1_seq-1_ocr.txt;1;184;1897-01-26
L'Italia;parigi;GPE;sn85066408_1915-01-01_ed-1_seq-1_ocr.txt;1;1009;1915-01-01
L'Italia;parigi poma;GPE;sn85066408_1904-01-02_ed-1_seq-1_ocr.txt;1;669;1904-01-02
L'Italia;parlamento;ORG;sn85066408_1914-01-01_ed-1_seq-1_ocr.txt;1;934;1914-01-01
L'Italia;parlamento;ORG;sn85066408_1915-01-01_ed-1_seq-1_ocr.txt;1;1145;1915-01-01
L'Italia;parlamento argentino;ORG;sn85066408_1897-01-26_ed-1_seq-1_ocr.txt;1;271;1897-01-26
L'Italia;parlamento autorizzato banco napoli;ORG;sn85066408_1903-01-02_ed-1_seq-1_ocr.txt;1;550;1903-01-02
L'Italia;parlamento veva restare doy ra;ORG;sn85066408_1914-01-01_ed-1_seq-1_ocr.txt;1;924;1914-01-01
L'Italia;passerini;ORG;sn85066408_1915-01-01_ed-1_seq-1_ocr.txt;1;1236;1915-01-01
L'Italia;patri;ORG;sn85066408_1897-01-26_ed-1_seq-1_ocr.txt;1;143;1897-01-26
L'Italia;patria;ORG;sn85066408_1914-01-01_ed-1_seq-1_ocr.txt;1;881;1914-01-01
L'Italia;patrii;ORG;sn85066408_1897-01-25_ed-1_seq-1_ocr.txt;1;8;1897-01-25
L'Italia;ettore patrizi editore;ORG;sn85066408_1904-01-02_ed-1_seq-1_ocr.txt;1;576;1904-01-02
L'Italia;patti;PER;sn85066408_1914-01-01_ed-1_seq-1_ocr.txt;1;882;1914-01-01
L'Italia;pavia;GPE;sn85066408_1904-01-02_ed-1_seq-1_ocr.txt;1;822;1904-01-02
L'Italia;pel;ORG;sn85066408_1914-01-01_ed-1_seq-1_ocr.txt;1;956;1914-01-01
L'Italia;per spese invere fettiva;ORG;sn85066408_1914-01-01_ed-1_seq-1_ocr.txt;1;965;1914-01-01
L'Italia;persia;GPE;sn85066408_1903-01-02_ed-1_seq-1_ocr.txt;1;301;1903-01-02
L'Italia;piazza montecitorio;LOC;sn85066408_1914-01-01_ed-1_seq-1_ocr.txt;2;908;1914-01-01
L'Italia;pietro antonelli;PER;sn85066408_1897-01-26_ed-1_seq-1_ocr.txt;1;274;1897-01-26
L'Italia;pietro procedali;PER;sn85066408_1904-01-02_ed-1_seq-1_ocr.txt;1;773;1904-01-02
L'Italia;pietroburgo;GPE;sn85066408_1903-01-02_ed-1_seq-1_ocr.txt;1;395;1903-01-02
L'Italia;pietroburgo;GPE;sn85066408_1904-01-02_ed-1_seq-1_ocr.txt;1;668;1904-01-02
L'Italia;pirnis pages bali;ORG;sn85066408_1903-01-02_ed-1_seq-1_ocr.txt;1;290;1903-01-02
L'Italia;pmdli;ORG;sn85066408_1897-01-26_ed-1_seq-1_ocr.txt;1;199;1897-01-26
L'Italia;poar talè;ORG;sn85066408_1897-01-26_ed-1_seq-1_ocr.txt;1;218;1897-01-26
L'Italia;poin caré;ORG;sn85066408_1914-01-01_ed-1_seq-1_ocr.txt;1;885;1914-01-01
L'Italia;polizia;ORG;sn85066408_1897-01-26_ed-1_seq-1_ocr.txt;1;198;1897-01-26
L'Italia;polizia cav;ORG;sn85066408_1915-01-01_ed-1_seq-1_ocr.txt;1;1224;1915-01-01
L'Italia;pres;ORG;sn85066408_1903-01-02_ed-1_seq-1_ocr.txt;1;345;1903-01-02
L'Italia;pres rooiuk;ORG;sn85066408_1897-01-26_ed-1_seq-1_ocr.txt;1;145;1897-01-26
L'Italia;woodrow wilson;PER;sn85066408_1915-01-01_ed-1_seq-1_ocr.txt;2;1104;1915-01-01
L'Italia;prhzzi ii;ORG;sn85066408_1903-01-02_ed-1_seq-1_ocr.txt;1;534;1903-01-02
L'Italia;principe;PER;sn85066408_1897-01-25_ed-1_seq-1_ocr.txt;1;72;1897-01-25
L'Italia;principe napoli;ORG;sn85066408_1897-01-25_ed-1_seq-1_ocr.txt;1;73;1897-01-25
L'Italia;principe wied;PER;sn85066408_1915-01-01_ed-1_seq-1_ocr.txt;1;1117;1915-01-01
L'Italia;principessa;ORG;sn85066408_1897-01-25_ed-1_seq-1_ocr.txt;1;73;1897-01-25
L'Italia;principessa;PER;sn85066408_1897-01-25_ed-1_seq-1_ocr.txt;1;71;1897-01-25
L'Italia;principessa elena;ORG;sn85066408_1897-01-25_ed-1_seq-1_ocr.txt;1;66;1897-01-25
L'Italia;publishing company alv;ORG;sn85066408_1897-01-25_ed-1_seq-1_ocr.txt;1;6;1897-01-25
L'Italia;punk;ORG;sn85066408_1904-01-02_ed-1_seq-1_ocr.txt;1;773;1904-01-02
L'Italia;qtie;ORG;sn85066408_1903-01-02_ed-1_seq-1_ocr.txt;1;531;1903-01-02
L'Italia;reco usta;ORG;sn85066408_1915-01-01_ed-1_seq-1_ocr.txt;1;1186;1915-01-01
L'Italia;red cliff;ORG;sn85066408_1903-01-02_ed-1_seq-1_ocr.txt;1;363;1903-01-02
L'Italia;red francisco;ORG;sn85066408_1897-01-26_ed-1_seq-1_ocr.txt;1;148;1897-01-26
L'Italia;san francisco;GPE;sn85066408_1897-01-25_ed-1_seq-1_ocr.txt;1;14;1897-01-25
L'Italia;regi sofia;ORG;sn85066408_1914-01-01_ed-1_seq-1_ocr.txt;1;901;1914-01-01
L'Italia;regina d ltalia;ORG;sn85066408_1897-01-25_ed-1_seq-1_ocr.txt;1;73;1897-01-25
L'Italia;regno;GPE;sn85066408_1915-01-01_ed-1_seq-1_ocr.txt;1;1179;1915-01-01
L'Italia;repubblica;GPE;sn85066408_1915-01-01_ed-1_seq-1_ocr.txt;1;1110;1915-01-01
L'Italia;repubblica brasiliana copia d;ORG;sn85066408_1897-01-25_ed-1_seq-1_ocr.txt;1;19;1897-01-25
L'Italia;repubblica messicana;GPE;sn85066408_1915-01-01_ed-1_seq-1_ocr.txt;1;1107;1915-01-01
L'Italia;repubbliche ueiuamerica ratina àia;ORG;sn85066408_1915-01-01_ed-1_seq-1_ocr.txt;1;1113;1915-01-01
L'Italia;residenza politica llurrar;ORG;sn85066408_1897-01-26_ed-1_seq-1_ocr.txt;1;233;1897-01-26
L'Italia;reti pesca;ORG;sn85066408_1897-01-26_ed-1_seq-1_ocr.txt;1;181;1897-01-26
L'Italia;ri;ORG;sn85066408_1915-01-01_ed-1_seq-1_ocr.txt;1;1016;1915-01-01
L'Italia;rivolgersi l;ORG;sn85066408_1903-01-02_ed-1_seq-1_ocr.txt;1;569;1903-01-02
L'Italia;roana;ORG;sn85066408_1914-01-01_ed-1_seq-1_ocr.txt;1;984;1914-01-01
L'Italia;rocco buletti;PER;sn85066408_1903-01-02_ed-1_seq-1_ocr.txt;1;374;1903-01-02
L'Italia;rom solenni;ORG;sn85066408_1914-01-01_ed-1_seq-1_ocr.txt;1;980;1914-01-01
L'Italia;roma;GPE;sn85066408_1897-01-25_ed-1_seq-1_ocr.txt;1;86;1897-01-25
L'Italia;roma;GPE;sn85066408_1897-01-26_ed-1_seq-1_ocr.txt;3;203;1897-01-26
L'Italia;roma;GPE;sn85066408_1903-01-02_ed-1_seq-1_ocr.txt;1;341;1903-01-02
L'Italia;roma;GPE;sn85066408_1914-01-01_ed-1_seq-1_ocr.txt;2;918;1914-01-01
L'Italia;roma;GPE;sn85066408_1915-01-01_ed-1_seq-1_ocr.txt;2;1077;1915-01-01
L'Italia;roma berlino;PER;sn85066408_1897-01-25_ed-1_seq-1_ocr.txt;1;75;1897-01-25
L'Italia;romagna;GPE;sn85066408_1915-01-01_ed-1_seq-1_ocr.txt;1;1127;1915-01-01
L'Italia;ronald roos i;PER;sn85066408_1903-01-02_ed-1_seq-1_ocr.txt;1;392;1903-01-02
L'Italia;president theodor roosevelt;PER;sn85066408_1903-01-02_ed-1_seq-1_ocr.txt;1;320;1903-01-02
L'Italia;president theodor roosevelt;PER;sn85066408_1903-01-02_ed-1_seq-1_ocr.txt;2;322;1903-01-02
L'Italia;president theodor roosevelt;PER;sn85066408_1904-01-02_ed-1_seq-1_ocr.txt;1;680;1904-01-02
L'Italia;rotary standard;ORG;sn85066408_1903-01-02_ed-1_seq-1_ocr.txt;1;326;1903-01-02
L'Italia;rotti;PER;sn85066408_1903-01-02_ed-1_seq-1_ocr.txt;1;520;1903-01-02
L'Italia;rovereto;ORG;sn85066408_1915-01-01_ed-1_seq-1_ocr.txt;1;1075;1915-01-01
L'Italia;rumenta;ORG;sn85066408_1915-01-01_ed-1_seq-1_ocr.txt;1;1169;1915-01-01
L'Italia;russia;GPE;sn85066408_1903-01-02_ed-1_seq-1_ocr.txt;1;299;1903-01-02
L'Italia;russia;GPE;sn85066408_1904-01-02_ed-1_seq-1_ocr.txt;1;751;1904-01-02
L'Italia;sabato gennaio;GPE;sn85066408_1904-01-02_ed-1_seq-1_ocr.txt;1;661;1904-01-02
L'Italia;salamira;ORG;sn85066408_1915-01-01_ed-1_seq-1_ocr.txt;1;1146;1915-01-01
L'Italia;salmone doppio nodo n;ORG;sn85066408_1897-01-26_ed-1_seq-1_ocr.txt;1;178;1897-01-26
L'Italia;salmone ijoppio nodo per sciabiche;ORG;sn85066408_1897-01-25_ed-1_seq-1_ocr.txt;1;126;1897-01-25
L'Italia;salonicco dedè rato;ORG;sn85066408_1904-01-02_ed-1_seq-1_ocr.txt;1;742;1904-01-02
L'Italia;san fkancico;GPE;sn85066408_1904-01-02_ed-1_seq-1_ocr.txt;1;661;1904-01-02
L'Italia;san francisco;GPE;sn85066408_1903-01-02_ed-1_seq-1_ocr.txt;1;383;1903-01-02
L'Italia;san francisco;GPE;sn85066408_1915-01-01_ed-1_seq-1_ocr.txt;1;1003;1915-01-01
L'Italia;san francisco;GPE;sn85066408_1897-01-26_ed-1_seq-1_ocr.txt;1;200;1897-01-26
L'Italia;san francisco;GPE;sn85066408_1914-01-01_ed-1_seq-1_ocr.txt;1;920;1914-01-01
L'Italia;san francisco;GPE;sn85066408_1915-01-01_ed-1_seq-1_ocr.txt;1;1113;1915-01-01
L'Italia;san francisco;GPE;sn85066408_1903-01-02_ed-1_seq-1_ocr.txt;1;571;1903-01-02
L'Italia;san francisco;GPE;sn85066408_1915-01-01_ed-1_seq-1_ocr.txt;1;1228;1915-01-01
L'Italia;san prendaci;ORG;sn85066408_1903-01-02_ed-1_seq-1_ocr.txt;1;528;1903-01-02
L'Italia;sangiorgio;ORG;sn85066408_1914-01-01_ed-1_seq-1_ocr.txt;1;882;1914-01-01
L'Italia;sartorio fosle;ORG;sn85066408_1914-01-01_ed-1_seq-1_ocr.txt;1;995;1914-01-01
L'Italia;san francisco;GPE;sn85066408_1915-01-01_ed-1_seq-1_ocr.txt;1;1095;1915-01-01
L'Italia;sax fkaxcisco;ORG;sn85066408_1897-01-25_ed-1_seq-1_ocr.txt;1;79;1897-01-25
L'Italia;scimeni l n mcmfcitta;ORG;sn85066408_1904-01-02_ed-1_seq-1_ocr.txt;1;793;1904-01-02
L'Italia;secolo milano;ORG;sn85066408_1903-01-02_ed-1_seq-1_ocr.txt;1;456;1903-01-02
L'Italia;sena tari;ORG;sn85066408_1915-01-01_ed-1_seq-1_ocr.txt;1;1182;1915-01-01
L'Italia;senato;ORG;sn85066408_1914-01-01_ed-1_seq-1_ocr.txt;1;970;1914-01-01
L'Italia;senatore handwrlck;PER;sn85066408_1915-01-01_ed-1_seq-1_ocr.txt;1;1178;1915-01-01
L'Italia;senatore hardwlah;PER;sn85066408_1915-01-01_ed-1_seq-1_ocr.txt;1;1177;1915-01-01
L'Italia;senatore lewis;PER;sn85066408_1915-01-01_ed-1_seq-1_ocr.txt;1;1178;1915-01-01
L'Italia;sentano;GPE;sn85066408_1903-01-02_ed-1_seq-1_ocr.txt;1;526;1903-01-02
L'Italia;sera;ORG;sn85066408_1915-01-01_ed-1_seq-1_ocr.txt;1;1188;1915-01-01
L'Italia;seraje;ORG;sn85066408_1915-01-01_ed-1_seq-1_ocr.txt;1;1139;1915-01-01
L'Italia;serajevo;ORG;sn85066408_1915-01-01_ed-1_seq-1_ocr.txt;1;1134;1915-01-01
L'Italia;serbia;GPE;sn85066408_1904-01-02_ed-1_seq-1_ocr.txt;1;750;1904-01-02
L'Italia;serbia;GPE;sn85066408_1915-01-01_ed-1_seq-1_ocr.txt;3;1139;1915-01-01
L'Italia;serbia erede tro;GPE;sn85066408_1915-01-01_ed-1_seq-1_ocr.txt;1;1134;1915-01-01
L'Italia;setoliti ola;ORG;sn85066408_1903-01-02_ed-1_seq-1_ocr.txt;1;291;1903-01-02
L'Italia;sfeci ade dell;GPE;sn85066408_1897-01-26_ed-1_seq-1_ocr.txt;1;254;1897-01-26
L'Italia;si hpecialmcnte valicò glorine pii;ORG;sn85066408_1904-01-02_ed-1_seq-1_ocr.txt;1;795;1904-01-02
L'Italia;siati rulli sklnner martelli;ORG;sn85066408_1904-01-02_ed-1_seq-1_ocr.txt;1;675;1904-01-02
L'Italia;siberia;GPE;sn85066408_1904-01-02_ed-1_seq-1_ocr.txt;1;769;1904-01-02
L'Italia;sierra madge;LOC;sn85066408_1897-01-25_ed-1_seq-1_ocr.txt;1;44;1897-01-25
L'Italia;sig;PER;sn85066408_1903-01-02_ed-1_seq-1_ocr.txt;1;529;1903-01-02
L'Italia;signor domenichini;PER;sn85066408_1897-01-26_ed-1_seq-1_ocr.txt;1;176;1897-01-26
L'Italia;silfi venm;ORG;sn85066408_1904-01-02_ed-1_seq-1_ocr.txt;1;778;1904-01-02
L'Italia;silvio;PER;sn85066408_1915-01-01_ed-1_seq-1_ocr.txt;1;1237;1915-01-01
L'Italia;sindaco harriaon;ORG;sn85066408_1904-01-02_ed-1_seq-1_ocr.txt;1;659;1904-01-02
L'Italia;siria;GPE;sn85066408_1904-01-02_ed-1_seq-1_ocr.txt;1;747;1904-01-02
L'Italia;situazione politica nel;ORG;sn85066408_1914-01-01_ed-1_seq-1_ocr.txt;1;987;1914-01-01
L'Italia;six month;ORG;sn85066408_1897-01-26_ed-1_seq-1_ocr.txt;1;134;1897-01-26
L'Italia;sklnner;PER;sn85066408_1904-01-02_ed-1_seq-1_ocr.txt;1;680;1904-01-02
L'Italia;socco fatanti;ORG;sn85066408_1897-01-25_ed-1_seq-1_ocr.txt;1;52;1897-01-25
L'Italia;socie geografica dal ministro della pubblica istruzione;ORG;sn85066408_1897-01-26_ed-1_seq-1_ocr.txt;1;261;1897-01-26
L'Italia;sofla adidanopoll;ORG;sn85066408_1904-01-02_ed-1_seq-1_ocr.txt;1;741;1904-01-02
L'Italia;solyet;ORG;sn85066408_1897-01-26_ed-1_seq-1_ocr.txt;1;225;1897-01-26
L'Italia;somali;GPE;sn85066408_1904-01-02_ed-1_seq-1_ocr.txt;1;673;1904-01-02
L'Italia;sonatori;ORG;sn85066408_1915-01-01_ed-1_seq-1_ocr.txt;1;1184;1915-01-01
L'Italia;sospiri;ORG;sn85066408_1914-01-01_ed-1_seq-1_ocr.txt;1;895;1914-01-01
L'Italia;sovrani regina margherita;ORG;sn85066408_1914-01-01_ed-1_seq-1_ocr.txt;1;984;1914-01-01
L'Italia;spaglia;ORG;sn85066408_1914-01-01_ed-1_seq-1_ocr.txt;1;901;1914-01-01
L'Italia;spagna;GPE;sn85066408_1897-01-25_ed-1_seq-1_ocr.txt;1;116;1897-01-25
L'Italia;spagna;GPE;sn85066408_1897-01-26_ed-1_seq-1_ocr.txt;1;185;1897-01-26
L'Italia;spirilo;ORG;sn85066408_1915-01-01_ed-1_seq-1_ocr.txt;1;1240;1915-01-01
L'Italia;srk;ORG;sn85066408_1897-01-25_ed-1_seq-1_ocr.txt;1;11;1897-01-25
L'Italia;srnirne anfbm cara is;ORG;sn85066408_1904-01-02_ed-1_seq-1_ocr.txt;1;742;1904-01-02
L'Italia;stajf linili;ORG;sn85066408_1915-01-01_ed-1_seq-1_ocr.txt;1;1096;1915-01-01
L'Italia;stampa;ORG;sn85066408_1914-01-01_ed-1_seq-1_ocr.txt;1;945;1914-01-01
L'Italia;state department;ORG;sn85066408_1903-01-02_ed-1_seq-1_ocr.txt;1;347;1903-01-02
L'Italia;stati culti;ORG;sn85066408_1904-01-02_ed-1_seq-1_ocr.txt;1;686;1904-01-02
L'Italia;stati l niti;ORG;sn85066408_1904-01-02_ed-1_seq-1_ocr.txt;1;659;1904-01-02
L'Italia;stati nifi;ORG;sn85066408_1903-01-02_ed-1_seq-1_ocr.txt;1;530;1903-01-02
L'Italia;stati rim p;ORG;sn85066408_1904-01-02_ed-1_seq-1_ocr.txt;1;677;1904-01-02
L'Italia;stati uniti;GPE;sn85066408_1897-01-26_ed-1_seq-1_ocr.txt;1;162;1897-01-26
L'Italia;stati uniti;GPE;sn85066408_1915-01-01_ed-1_seq-1_ocr.txt;3;1099;1915-01-01
L'Italia;stati uniti;GPE;sn85066408_1915-01-01_ed-1_seq-1_ocr.txt;1;1228;1915-01-01
L'Italia;stati uniti white;GPE;sn85066408_1903-01-02_ed-1_seq-1_ocr.txt;1;339;1903-01-02
L'Italia;stediò malaria africa;ORG;sn85066408_1903-01-02_ed-1_seq-1_ocr.txt;1;394;1903-01-02
L'Italia;stk daily;ORG;sn85066408_1904-01-02_ed-1_seq-1_ocr.txt;1;581;1904-01-02
L'Italia;stockton ohug co;ORG;sn85066408_1904-01-02_ed-1_seq-1_ocr.txt;1;692;1904-01-02
L'Italia;sud america;GPE;sn85066408_1904-01-02_ed-1_seq-1_ocr.txt;1;659;1904-01-02
L'Italia;sul palimi;ORG;sn85066408_1904-01-02_ed-1_seq-1_ocr.txt;1;769;1904-01-02
L'Italia;spezia;GPE;sn85066408_1914-01-01_ed-1_seq-1_ocr.txt;1;901;1914-01-01
L'Italia;svizzera;GPE;sn85066408_1914-01-01_ed-1_seq-1_ocr.txt;1;894;1914-01-01
L'Italia;svizzera neuchatel;ORG;sn85066408_1904-01-02_ed-1_seq-1_ocr.txt;1;750;1904-01-02
L'Italia;t ina;ORG;sn85066408_1903-01-02_ed-1_seq-1_ocr.txt;1;500;1903-01-02
L'Italia;tale galleria ferroviaria;ORG;sn85066408_1904-01-02_ed-1_seq-1_ocr.txt;1;847;1904-01-02
L'Italia;telegramma specif chronicle;ORG;sn85066408_1897-01-25_ed-1_seq-1_ocr.txt;1;68;1897-01-25
L'Italia;telephone;GPE;sn85066408_1897-01-25_ed-1_seq-1_ocr.txt;1;13;1897-01-25
L'Italia;teodoro mommsen;PER;sn85066408_1903-01-02_ed-1_seq-1_ocr.txt;1;405;1903-01-02
L'Italia;testamento dei cardina rampolla;PER;sn85066408_1914-01-01_ed-1_seq-1_ocr.txt;1;918;1914-01-01
L'Italia;tira ione;ORG;sn85066408_1914-01-01_ed-1_seq-1_ocr.txt;1;962;1914-01-01
L'Italia;tiralo distribuire per strade;ORG;sn85066408_1915-01-01_ed-1_seq-1_ocr.txt;1;1205;1915-01-01
L'Italia;tlnc;ORG;sn85066408_1904-01-02_ed-1_seq-1_ocr.txt;1;612;1904-01-02
L'Italia;tomsk kgh;ORG;sn85066408_1904-01-02_ed-1_seq-1_ocr.txt;1;773;1904-01-02
L'Italia;torino;GPE;sn85066408_1897-01-25_ed-1_seq-1_ocr.txt;1;92;1897-01-25
L'Italia;francia;GPE;sn85066408_1897-01-25_ed-1_seq-1_ocr.txt;1;46;1897-01-25
L'Italia;tranqulllinl;ORG;sn85066408_1915-01-01_ed-1_seq-1_ocr.txt;1;1224;1915-01-01
L'Italia;trapanese;PER;sn85066408_1914-01-01_ed-1_seq-1_ocr.txt;1;897;1914-01-01
L'Italia;trentino;GPE;sn85066408_1915-01-01_ed-1_seq-1_ocr.txt;1;1199;1915-01-01
L'Italia;trento;GPE;sn85066408_1915-01-01_ed-1_seq-1_ocr.txt;3;1216;1915-01-01
L'Italia;trento trieste;ORG;sn85066408_1915-01-01_ed-1_seq-1_ocr.txt;1;1068;1915-01-01
L'Italia;tripoli;GPE;sn85066408_1903-01-02_ed-1_seq-1_ocr.txt;1;312;1903-01-02
L'Italia;tripoli;GPE;sn85066408_1914-01-01_ed-1_seq-1_ocr.txt;1;971;1914-01-01
L'Italia;trof;ORG;sn85066408_1915-01-01_ed-1_seq-1_ocr.txt;1;1193;1915-01-01
L'Italia;uà laniera oometic;ORG;sn85066408_1903-01-02_ed-1_seq-1_ocr.txt;1;326;1903-01-02
L'Italia;ual;GPE;sn85066408_1904-01-02_ed-1_seq-1_ocr.txt;1;661;1904-01-02
L'Italia;udm mfaas wssw rsiim;ORG;sn85066408_1914-01-01_ed-1_seq-1_ocr.txt;1;953;1914-01-01
L'Italia;uimie;ORG;sn85066408_1904-01-02_ed-1_seq-1_ocr.txt;1;845;1904-01-02
L'Italia;ujina;GPE;sn85066408_1897-01-26_ed-1_seq-1_ocr.txt;1;211;1897-01-26
L'Italia;ullne;GPE;sn85066408_1904-01-02_ed-1_seq-1_ocr.txt;1;780;1904-01-02
L'Italia;ulte lelio lloidn ngiire;ORG;sn85066408_1915-01-01_ed-1_seq-1_ocr.txt;1;1195;1915-01-01
L'Italia;umberto;PER;sn85066408_1897-01-25_ed-1_seq-1_ocr.txt;1;19;1897-01-25
L'Italia;undua;GPE;sn85066408_1903-01-02_ed-1_seq-1_ocr.txt;1;299;1903-01-02
L'Italia;unele sani;PER;sn85066408_1915-01-01_ed-1_seq-1_ocr.txt;1;1110;1915-01-01
L'Italia;union square cor pcst stockton;ORG;sn85066408_1903-01-02_ed-1_seq-1_ocr.txt;1;325;1903-01-02
L'Italia;stati uniti;GPE;sn85066408_1915-01-01_ed-1_seq-1_ocr.txt;1;1096;1915-01-01
L'Italia;uniti gene rah l;ORG;sn85066408_1914-01-01_ed-1_seq-1_ocr.txt;1;872;1914-01-01
L'Italia;università berlino;ORG;sn85066408_1903-01-02_ed-1_seq-1_ocr.txt;1;399;1903-01-02
L'Italia;unno;ORG;sn85066408_1915-01-01_ed-1_seq-1_ocr.txt;1;1238;1915-01-01
L'Italia;como;GPE;sn85066408_1915-01-01_ed-1_seq-1_ocr.txt;1;1130;1915-01-01
L'Italia;president theodor roosevelt;PER;sn85066408_1904-01-02_ed-1_seq-1_ocr.txt;1;666;1904-01-02
L'Italia;v h;ORG;sn85066408_1904-01-02_ed-1_seq-1_ocr.txt;1;849;1904-01-02
L'Italia;v the;ORG;sn85066408_1897-01-25_ed-1_seq-1_ocr.txt;1;5;1897-01-25
L'Italia;vaiale l aluiuiuo;ORG;sn85066408_1915-01-01_ed-1_seq-1_ocr.txt;1;1251;1915-01-01
L'Italia;varie totai;ORG;sn85066408_1903-01-02_ed-1_seq-1_ocr.txt;1;507;1903-01-02
L'Italia;vegeto muratori;PER;sn85066408_1915-01-01_ed-1_seq-1_ocr.txt;1;1235;1915-01-01
L'Italia;vendibile;PER;sn85066408_1897-01-26_ed-1_seq-1_ocr.txt;1;246;1897-01-26
L'Italia;venezuela;GPE;sn85066408_1903-01-02_ed-1_seq-1_ocr.txt;1;341;1903-01-02
L'Italia;venir;ORG;sn85066408_1904-01-02_ed-1_seq-1_ocr.txt;1;776;1904-01-02
L'Italia;verona;GPE;sn85066408_1915-01-01_ed-1_seq-1_ocr.txt;1;1197;1915-01-01
L'Italia;via della missione;LOC;sn85066408_1914-01-01_ed-1_seq-1_ocr.txt;2;945;1914-01-01
L'Italia;via sansome cai;ORG;sn85066408_1897-01-26_ed-1_seq-1_ocr.txt;1;216;1897-01-26
L'Italia;vie montgome sansome;ORG;sn85066408_1903-01-02_ed-1_seq-1_ocr.txt;1;375;1903-01-02
L'Italia;vienna;GPE;sn85066408_1897-01-25_ed-1_seq-1_ocr.txt;1;42;1897-01-25
L'Italia;vienna;GPE;sn85066408_1897-01-26_ed-1_seq-1_ocr.txt;1;165;1897-01-26
L'Italia;vienna;GPE;sn85066408_1904-01-02_ed-1_seq-1_ocr.txt;1;667;1904-01-02
L'Italia;vienna;GPE;sn85066408_1915-01-01_ed-1_seq-1_ocr.txt;4;1028;1915-01-01
L'Italia;vienna;GPE;sn85066408_1915-01-01_ed-1_seq-1_ocr.txt;1;1023;1915-01-01
L'Italia;vigili neill dir marsina;ORG;sn85066408_1904-01-02_ed-1_seq-1_ocr.txt;1;641;1904-01-02
L'Italia;villiam bryan;ORG;sn85066408_1897-01-26_ed-1_seq-1_ocr.txt;1;160;1897-01-26
L'Italia;vini;ORG;sn85066408_1897-01-26_ed-1_seq-1_ocr.txt;1;175;1897-01-26
L'Italia;viola;ORG;sn85066408_1914-01-01_ed-1_seq-1_ocr.txt;1;995;1914-01-01
L'Italia;vitina;ORG;sn85066408_1904-01-02_ed-1_seq-1_ocr.txt;1;797;1904-01-02
L'Italia;vittorio ducrot palermo;PER;sn85066408_1914-01-01_ed-1_seq-1_ocr.txt;1;995;1914-01-01
L'Italia;vittorio giusti;ORG;sn85066408_1915-01-01_ed-1_seq-1_ocr.txt;1;1249;1915-01-01
L'Italia;vlcnoiv;PER;sn85066408_1915-01-01_ed-1_seq-1_ocr.txt;1;1151;1915-01-01
L'Italia;vmniiraguo;ORG;sn85066408_1915-01-01_ed-1_seq-1_ocr.txt;1;1243;1915-01-01
L'Italia;vnomlo;ORG;sn85066408_1904-01-02_ed-1_seq-1_ocr.txt;1;795;1904-01-02
L'Italia;vostro diamosela sormcoiem róma;ORG;sn85066408_1914-01-01_ed-1_seq-1_ocr.txt;1;987;1914-01-01
L'Italia;vuole emulare principe galles roma;ORG;sn85066408_1897-01-25_ed-1_seq-1_ocr.txt;1;91;1897-01-25
L'Italia;washington;GPE;sn85066408_1903-01-02_ed-1_seq-1_ocr.txt;2;314;1903-01-02
L'Italia;washington;GPE;sn85066408_1904-01-02_ed-1_seq-1_ocr.txt;1;682;1904-01-02
L'Italia;washington;GPE;sn85066408_1915-01-01_ed-1_seq-1_ocr.txt;1;1174;1915-01-01
L'Italia;william wilkinson;PER;sn85066408_1904-01-02_ed-1_seq-1_ocr.txt;1;690;1904-01-02
L'Italia;woltatoltl;ORG;sn85066408_1904-01-02_ed-1_seq-1_ocr.txt;1;760;1904-01-02
L'Italia;xenia;ORG;sn85066408_1897-01-26_ed-1_seq-1_ocr.txt;1;152;1897-01-26
L'Italia;xingherehl;ORG;sn85066408_1915-01-01_ed-1_seq-1_ocr.txt;1;1154;1915-01-01
L'Italia;xlehmiiidi;ORG;sn85066408_1915-01-01_ed-1_seq-1_ocr.txt;1;1192;1915-01-01
L'Italia;zerman;ORG;sn85066408_1903-01-02_ed-1_seq-1_ocr.txt;1;401;1903-01-02
